{"version":12,"hash":{"type":"Buffer","data":"4kBCPJ2H5B1PwnSANs/QWmoIA/QeA0DtXIubr3pmZ/nGsb/4/NrOLm2REIGDSzrssqfsBHQiq2rUctbMPzRLqJrE2vcRcLh76vBNBBRrLEue3x4OYnUXDLLCP1WEYZd3MQb0OLR0yQdvkAZhDtodqRDXEmy6Wb6BRWvrP9HgY88="},"indexValueMap":{"SfaiJJSOEbgSLmu3C4pPO5zUJuaKaxUqGlHyj/iJ3ts=":{"valueMac":{"type":"Buffer","data":"BBceBdRraGKmJPIVtjQ0t9w59JP9aWwFFRiuhlngwiw="}},"hRt6NmpqZmofBEgCXOXf1rTdR+EyvgfxKwMj1ujd2W8=":{"valueMac":{"type":"Buffer","data":"2HlJqG3aHUts+HeQbHHJ5JCIpNNNQ1vYIndACUkPG+g="}},"AuJj1fCr+Iu4xIIIYFtGfWcmYM3B0cYf65O/HuA/278=":{"valueMac":{"type":"Buffer","data":"NjKbVE9mKHJ2DJqpJT1qfmlAJ2XFXW2pbt1qb60qQO8="}},"14u0EkGr6ih42B1JuYCVBfsxX5zra2WL866u/BT0A0U=":{"valueMac":{"type":"Buffer","data":"bf6vFQIztsC0nOGA9A3iSsH5XGToJymQhj78Xt8PtaQ="}},"mnAFIZM/nKEhAnTsCjK24Zj+Jm7uIsSk0PGJKIjJ9Bk=":{"valueMac":{"type":"Buffer","data":"g+ZNAbskMN4+Qv+kyqIUBtG5LEpmSk7KK8BM1Cu7w4k="}},"CjrbCBuUZOAXoEzxUdIKLtIOgvHrIH5TNOpL0hNCNM0=":{"valueMac":{"type":"Buffer","data":"HAdBqZWUz8yGZ/T54XVpcmbujWEB3bHwLhoML8rJ3kI="}},"x8cORCBZCXHOM7K+HDqz+iXNL36+v7XyxjB3Mv/mlco=":{"valueMac":{"type":"Buffer","data":"v46LQMGUTwXMWiJ/8folxYzKxWvqmGe0qn+MTp5Z53c="}},"sRtQyKKRav+dJxsUWppuaddZEb3xZ6VF7Q70Nif2QJc=":{"valueMac":{"type":"Buffer","data":"S7pXwpaQ30hQzqZFRjJxT2Ps5I+tZaG11EIBrB8GGqE="}},"R03JG+pCj3bPwpNs7lJ6p4aVzVsMN/BKChyEWJxW39A=":{"valueMac":{"type":"Buffer","data":"NcCA/+fKgVmQCNh71U1bLiraEqoIYAUklBo4kOzoBlY="}},"e1dv/Cdne0BCH0dioluvxi8tETDNkQb88dmZNvV0shY=":{"valueMac":{"type":"Buffer","data":"CE4VMJvCVudsYjXM+pBe64itgVVvgiyLEAtrFrpsaAc="}},"VWFBdDGOIze8I14GwQgdbHDHN9c8HsbXFA5zMA/XflA=":{"valueMac":{"type":"Buffer","data":"cCpNGs+zJpD+vmXBT+EDSw8u4q1qdGICZ4vGpJokM3I="}},"6JZ1SQbGxJYVhj9biD7mZvVPlaHkeRaGS5WmW1IkIFw=":{"valueMac":{"type":"Buffer","data":"NVdW53Izzl3yj/c42j8yyJsEkyEYwLzk73025G1Gh78="}},"i9uor9A0B43UzWo/dDBa68XQuaOyfoKcw85ziC8Jt1U=":{"valueMac":{"type":"Buffer","data":"6u3KZN8JQeg+xpPcimMRA7jePI6e+iWRlXHyWoaja0E="}},"UdrvqfXqRiTaXPchOByJvYYX4doO7cIwD8oacrzP+pg=":{"valueMac":{"type":"Buffer","data":"eklrOReaQyPDVPmfiA27GUoXvafqU9F1ExUs6GPxDY4="}},"wbitB2MPzsSgiZ/QECANJyX1Lb9yGGiLlCKsYCwvTrM=":{"valueMac":{"type":"Buffer","data":"FfIP+RmbW4XGtdrR8zCc1q0bFugwXQh1ybo3oBsP1Mc="}},"YbPT/faoacbkb/cZ+MxQ5v1pLGoyf2v2a/djArrDIH4=":{"valueMac":{"type":"Buffer","data":"b18rZZ0PsvLz69feQiEc6Wb0QWlFZURlwUxLpnrNMWU="}},"vFkgJqPZl8feeDVtorb87akTRQaLzJ8X75rBgd0GaCs=":{"valueMac":{"type":"Buffer","data":"0Y4acY9O5r6ZA0Xn9GhahvCoKvWGW6JzYLBTt1NL48o="}},"dVmIus6easudo7sT18zqQkU9xpHzBSz9XK7MrPcMz8c=":{"valueMac":{"type":"Buffer","data":"YL5K6MSBasNswSZUHzGagf8bJaAzi2wcE034n5puLDg="}},"/wHx7Jma58PNafDqYXrYjvN8WgZioMQBLXHRhO17LSc=":{"valueMac":{"type":"Buffer","data":"5t+P3chJZrFfnlQrl/b40uWdzfHmf0XlvT6eRHlDzJ4="}},"V/qRRSKkTdI2jYtT2rb5RDzuUf3zWB2H7vanKMXoPmY=":{"valueMac":{"type":"Buffer","data":"coyi8cxYZHOkiAvH/b/vueMhAVXNofTsBKNvncxgbSY="}},"6rveIllwx40CskL/UvUfEt+6F9AumaGEWcrGEpzaziQ=":{"valueMac":{"type":"Buffer","data":"OlOrbx+wjqUMhPtRg+sW0qgu5bKqmYp4prd1WxkJsQM="}},"aPq4q8kpigE3ke7RGVo0bvUAxMGTqJhXUf21eLxAFHA=":{"valueMac":{"type":"Buffer","data":"EuJLmIRhl9G/uLTZq7+tA3p6ndlDp91Tuc8c/FnOLRQ="}},"cj3Din5EnBSqZUANuFzSDNs0uXufJ67vlcYG99uYUkk=":{"valueMac":{"type":"Buffer","data":"fgZ0nfoUFFtxuBc6OlemL/1EEG8Xuiv9ppcdQ0ocH8o="}},"20z8HO4xepi99vUBwrTZjenaUCeDPRT6KQM1PnRDAis=":{"valueMac":{"type":"Buffer","data":"OuAbqtWnPgsXG+7Myand1ijVnettJlwiV3IWZWMrg08="}},"F3QBqeHYQDZVT78o4sF9sPm+Io+b5erFIp0pH4v/ZZc=":{"valueMac":{"type":"Buffer","data":"A/cZFItl6bUUn0nPH2ObJ5kbu0hED7J/AiAdHg52kfA="}},"vIOtJ0S/lzs2iaJ5cqSC0zyoqVKzu0IpeoQ2rXt1dLo=":{"valueMac":{"type":"Buffer","data":"kp+vAzxXQsnP3LBFalqmVtypB1BTTokbSWn0ZRBGWfY="}},"3GOnj6cyL9t3Xzq+IthzAFbAjIXRl0+7YNaVjP8VZhc=":{"valueMac":{"type":"Buffer","data":"yz+thKEhsZ9f1VgHrWmPVI10Z4NqCgsMAbrRIyTBiJQ="}},"gbY4FAcWRznGtwSFZZ1yIwwV0FExBo3NIAo+W5bUkNY=":{"valueMac":{"type":"Buffer","data":"hrQ5qwzbMWts/pFOtw5iywW7Zp1L3XakuS0GxPVZHQM="}},"UY4TeC+7lb8dFGONL4e7QiigFG265KRNYLw3rXPSYtc=":{"valueMac":{"type":"Buffer","data":"Pud/1RjagiTPbhYPl3M/9RNHggwoEr0pVk+RuwhbvOo="}},"NqGXOZvKZ2j3MqUyuGqxUtyCLHQmlnSOs1p/O7ruWX4=":{"valueMac":{"type":"Buffer","data":"MmlFrKL0k4cW6un6AUoURdWeAR6210zv7vHd2G2cr54="}},"g/hWY56PW5EIWXhV1tK0J7w04fy9lUkEjby5+DEcDko=":{"valueMac":{"type":"Buffer","data":"1uCkGk9RU2PDyJWeFcaWtabokEEV1YUwv9+19fc3PIM="}},"oembcIqu0huwpDPhUAt1p6pZq+7p/vX7wR5f7ZPRt+8=":{"valueMac":{"type":"Buffer","data":"0JCCJzQHlclA9jT6QtLpq6RTXQ6GYIV+Sn4lw7r94FM="}},"mmOgIAT73v1TFAcjhTPsRI5kTki8OkTBFqWD7QkvTdU=":{"valueMac":{"type":"Buffer","data":"AkhLaYE6I7KUXIOkHuXtOWbw6y48hN+wAGhqeBPwu0w="}},"bZiOhJcSviPFicPOLKt6uB68qZwF72EZ0TQERHUTJkI=":{"valueMac":{"type":"Buffer","data":"0zPBKIzF2jK0iyCU9JcG+R0p1ovNwDwvSuqKvMZnwCg="}},"hqjYUBxB2rIR61rjSS5gNZZhqva+8XWBEedvFCjzQSI=":{"valueMac":{"type":"Buffer","data":"pr/oMGQ9r9LD4cd7uAkCKJUHHyeyUQnlQdwkMZWU818="}},"FTJlg8kBah/ZsvBNh2Ck2UZ3u5BQ+9YvxR+DLxeToas=":{"valueMac":{"type":"Buffer","data":"9GpN9if8QpxWwd3++qdhY14v0kiZyvbebJTKDJgmuZo="}},"DhZ03ioxpO/ieIZXx8NAvgPhr0FSOJzlKrEXNiF1hT0=":{"valueMac":{"type":"Buffer","data":"FppB4GH+nBxVBACw4dIbDJjcN6YQhm5mV0LuC4ejz/E="}},"R2OXgaPbHBJ5hQmnCycLltoRIirhUY9+iJsR1wFfdeM=":{"valueMac":{"type":"Buffer","data":"jxTvJFwlzS6iIJZy53vHAKTw/sWne827N64I1bqix8Q="}},"XQ8wx24bwfMcEioQpTVEuG748y/M5c2ODMTJPJ0rdTE=":{"valueMac":{"type":"Buffer","data":"c3XiCh798usQ0BzXIH4dEHH0lDxFWDJ6IwDxpmhWFuk="}},"iKQ6aUb3N0nKdHLbXPCg2tC5gE5PmG9UhMfp8Sq7fhw=":{"valueMac":{"type":"Buffer","data":"VNz9Ikxz6PEmJvgcKIzeY5iVmbS9NguJ+qf3y7rCVgs="}},"B79GdipLZzdnLcqorUNHKUTTeMA6GqUhjT5V+AIwedc=":{"valueMac":{"type":"Buffer","data":"wZ6daDGGha05uF/faN/7AjAI3nx9K5RosZXjvire6IU="}},"zIdDmXIXT10/CPRRX73EB1NMgqm2TiLH1ckpsBfnGsI=":{"valueMac":{"type":"Buffer","data":"xKSblxUZzLt5C01MGik0ooFH7YK63RzQJe2ib1GRuhg="}},"55rWsWsTT7PelQi5xQaTUQhHoZAazWEag/hdwLr310w=":{"valueMac":{"type":"Buffer","data":"oEYRxthuwNO1eEfQ727e+v11Y+3sZlFtT0JRGXDhr04="}},"HR9DW/YhrIT7dSAcqfPimUW6jpOByF3DoWsImI+IkiY=":{"valueMac":{"type":"Buffer","data":"LO40gwSRmdYG9JKVCHiMYIKAmQrK5rJJlqRFdPuuLzY="}},"xczRC53O6NufdqnWpmPsB86gjlkB5T79Pvof14zYEI8=":{"valueMac":{"type":"Buffer","data":"ZFapFGOxJ94yhcZ1OrtjeLN67OQUFc1TsYKPUpTlJ/M="}},"LJ9IO1TLFa0sCym6d/olfdZS4cGq8rQr69xPVAe8NNc=":{"valueMac":{"type":"Buffer","data":"inQOg7LZ3HWoqOow3S+Q99ziwqKvlETGmwKDkSp4FUg="}},"1RkiM0DnrBSWFnuQLn8nuZbdtQEZRyS1I7V72htw1D0=":{"valueMac":{"type":"Buffer","data":"UACLwLOL3iTXN3r3Iun6QnnDgs/8qOcQbM8eWOu3SYo="}},"d7wTl7bmV877GNzoLRWJX9eKcuQPz5sUsFIn2gqG2QE=":{"valueMac":{"type":"Buffer","data":"v35ee2fGDt1jIrVj2GDMQapWJrAgx/Vdef2Cej1fR3g="}},"pTTi/1ZDXWmp61YiFAzm8PT+MtvrZ3NTvyN3hsLiNp4=":{"valueMac":{"type":"Buffer","data":"Pa2yXIw2W7mbj2YgaOd/alcitPaOUsrYjF0n1pr0a5U="}},"8iSIhNfd7C/T0L5fHvqYmFI+yWqWoIJoPvv63w9QSIA=":{"valueMac":{"type":"Buffer","data":"HYjbUBRNBr3yXgiQ7elY3GHXf0e0MjWwlcqATPBd8r4="}},"snvYw7cN8kyCgvZbMhqWohMyUglJcxiY9gypAeTbOfI=":{"valueMac":{"type":"Buffer","data":"m2bkYk6JgJgMiapAXGhtXHhSnkJ61C6spKSIrBArWh4="}},"DqNwKSJzuIYw5EcV8sMYlIHXkB4miOuzk/6G5+d22EM=":{"valueMac":{"type":"Buffer","data":"bFtuDFJu10LCuYi5/CgR6ad4cZSW9LPlbFWHLc1AmVM="}},"W7bDOybohocx0JoSeZsoq0solwce4WW/X+v3qUxEoxo=":{"valueMac":{"type":"Buffer","data":"i3RoGxnCKoOHo5S8H+mBtfU+pYDlvVGgtbZSGng3txQ="}},"c6XbF+M7D1oqzr151CE4K4cvD3o0MZ1yY38LZeEthrk=":{"valueMac":{"type":"Buffer","data":"lPVNivSPYJw8kP6lyCCTCI6bhAtsfhQoeQqbQCq7yMU="}},"1dHOrZHhCIbafIFuXGFvGIN6ucj1HECiA1CH6ObvuSY=":{"valueMac":{"type":"Buffer","data":"f+N0Sx4mpNQx3GS03NCoKdRtc9vESnkcky1BMpB1CJw="}},"K0vydxYWx8N5FqdQOk/RFT+l+vupZJ9vFBEYn58wP3g=":{"valueMac":{"type":"Buffer","data":"gTNuyzA1m3G/is0hYs4+N20AEDD04tR8/ef0U9Fp+Zk="}},"ZOut7wJU9nCdoyqJGrmIjF720D+xUwgSMj587FcEzns=":{"valueMac":{"type":"Buffer","data":"AtaBlSEkuTiPbvhYGsFvFA6hYzFgbW4yhPV7xM6uU00="}},"IyP3t5X/gKO/cG2mMH8U8yWFS4QvWC/ibcpzhZi5+jo=":{"valueMac":{"type":"Buffer","data":"A9ULern1S8X/WX1vn7kXjY2C3PAiGlZbnBiyv0Yu/VU="}},"cBrG2pe32tjOfOS8ROenkY/FCt9du1rcb7qv/7eyqqA=":{"valueMac":{"type":"Buffer","data":"YZwf1TTkTFgWWhyhS0098d+nXwgLidxJyNg/lFLeP6k="}}}}