{"version":1,"hash":{"type":"Buffer","data":"Xe0sNoirvbvnRmlSeW7DPR190WwNlbewA4LJqJDv7GcXXxyE3t1rWA69fMRO6jxRP5Xpn4k9cHzGqrOPde2CmJ6kNgZa+Ysc16qioyIR4hBwXWDzvVvIhPRkVEdCC2RMS8RsEUlQniP7bpwDjqLO0rxoDIllcZgfFZftYeyozFw="},"indexValueMap":{"schWFy/EFZiuFGtWwa7l0VZrf0jZTQ5FVBgRD9R+FgU=":{"valueMac":{"type":"Buffer","data":"NmszBXreM9SjbIq0kuE7uw+ngbgK94QB6CXWiPe10v0="}},"MZWZUOQ4DQXk4LnPab66ob4gnZ0BLR+XymUj8AVHgBM=":{"valueMac":{"type":"Buffer","data":"TfMoKLwVITNDQc1dzjoT6bTaKCgpz37Z96g1WLxQhjY="}},"lITV5NPnwb1H5tgO2wtb8kkZlf6OkYtw1qua0E9yTog=":{"valueMac":{"type":"Buffer","data":"WO6HOGMnTY9in4rj0ko3d+HtN6EbuL2NXYz1IQBx6wU="}},"grZzOaqvuo4mV7r89Uodr7Vus9ocU/x9GzgQqQmBFc4=":{"valueMac":{"type":"Buffer","data":"5vDhum5ZqRDbwS3gbFs9boEj8e1RARUT4ItTj4TIqKs="}},"CWfWhfRVFxlfV9RAwE+sfZTwUvVgWlBKw1tBSsOvD20=":{"valueMac":{"type":"Buffer","data":"4Oj2iZQq0l+inI88yIHIkcz5DACC5IPJkHl+u+EiHAo="}},"FaY9l/9rLg95ZRqQWCwaYb5alye3YyxOU5CyG2hdx9k=":{"valueMac":{"type":"Buffer","data":"9Qp0CJX7ltb44eMt5p6y+BfEoGZVec+AyMo+o++EQ/g="}},"YanQ6OdqC1Pk8wRwDaGNAzqt7UOabLdInm0vq8B83tI=":{"valueMac":{"type":"Buffer","data":"I2UxiVmutoskiHyI7f9tFvVNNKkdjAUQyVWYvDesoMw="}},"LDt4ufGbXN2IF09lhKTG93jXTjUKI1rlPDIDOuAnDpQ=":{"valueMac":{"type":"Buffer","data":"bSVr6ajAkdU50xZK5DjIt8V/xJmJbV2DV4sRHZrcAGI="}},"l1eMeRv8Yfvg6i4HTg5nSX239d//2GODqhJI5EvU+Sw=":{"valueMac":{"type":"Buffer","data":"Ue7cNVpjqFkebQRDcW1G9lZ5In0rKlQqXS19fEQI9mw="}},"p3y5NsQ9gz8K8cv1SeBGxMRCuOHYhHjJH9A8S2D80v8=":{"valueMac":{"type":"Buffer","data":"Zg3ih1GABOsWxg7AqGx6fincPkGLyvtUQqNL1o+KfmM="}},"tyRFkcnkPAEfTINRa28q1MUNiClyOVQBNny8YSk4sy0=":{"valueMac":{"type":"Buffer","data":"O4Xovr3yHCiClcI3ejXvAD4YEK/i5vfIjARskSj5hJk="}},"wdtdAJ7cIR5t544GiNQD5lEgweL/uQqmbfABOiB2hlE=":{"valueMac":{"type":"Buffer","data":"DknOVpZ5hIuxvjSr0ndzwe1MLc87ytd7Qd10y09HUIE="}},"zQP8U4h0ybCJ9zXzgsA7knzpwqa2nIlSZRmqbQl1YNU=":{"valueMac":{"type":"Buffer","data":"azQT8KNR8G7N6otilho8Dzt1RjOavmVgpwMGtnQ45AY="}},"s41GPgqH8yhUO3GcISy8GIN87IGrROMr1fSSwX65TIk=":{"valueMac":{"type":"Buffer","data":"WvLfNR6VB4Ys8HK+KOOj2vTWOgRfcBv1a26mrC+6XTI="}},"FCbzE7G1MFQUfUF3XKeXhL5R87v58rFCb1N7dVyR6Z4=":{"valueMac":{"type":"Buffer","data":"X1S18JLePq64h2wtW6pqfm5z/0SrA+kuBOgfi0G+yF4="}},"xvoeNGMvm3HXSKakYPqh/wHpssSvMDnESfbZNr6qSx8=":{"valueMac":{"type":"Buffer","data":"LNj9o0PxaZ/5UirAhB349OdY3fwcWlNE+JBZ93257ko="}},"jAiDXHmuaNSj1dK4P5KXsVmu9WcVsQqT+e0k7SrizYQ=":{"valueMac":{"type":"Buffer","data":"0M/DniJfD++onQcXfPWOvESVFMxZqqbG7Si8jdrUN/0="}},"Gho+LKIIdh4ut1n+md+VrL1ltkeFEnZjKTTwi00j3qk=":{"valueMac":{"type":"Buffer","data":"pHxCD5kFA+lby3nNqqCEoOjJZee68Ujqwuz4YBPPN3A="}},"9LDPnlGrpbDjfaBixvKsdDYro7HJn5hto/bqhZ4hIRI=":{"valueMac":{"type":"Buffer","data":"gPFFo3G8GzcDhlkBxVHsk6y04RZ/JkMPpnoXNE3+EAU="}},"VUacLYH1RyrFphewoxlkF0WKkyATRJrrZgEbK05B6Vk=":{"valueMac":{"type":"Buffer","data":"1AXXb9TI386TBIr+0jB1xRbl2qqcRfawTKMZeQB37lY="}},"32KTuuNDiwm6rrOUQl5s/Pm4zw/hT6l79IZpi7oUY5M=":{"valueMac":{"type":"Buffer","data":"qHHC7eYuWeKbvHwyvQIv0OCER1pprqzlefQEE7RoPWo="}},"NgkVWHFAky+xJS1uNuFGK64ZOW2ckenpI7zyFRaAm7I=":{"valueMac":{"type":"Buffer","data":"VUxh46++TuKCfDmpHo5Ph5EA41bh9mdSJlmOy3ZtYKI="}},"89bt037/G+WlsNv6W8Gw8mjlDz5T6X+PT0nsPwC5LIs=":{"valueMac":{"type":"Buffer","data":"LC+4IzkGtHXrjnKxxtHTDpOTssgZEVXzjtl84M/hIxs="}},"1iLCrFbDTzpQUlp7FJnQRFad4cbKMOmbKEL0NOtiBSA=":{"valueMac":{"type":"Buffer","data":"m+FdwPU5LiSZ1zbgxsOvGDf0D1UZg0/y7KOld+9jaxU="}},"5dMOChFzdOw9HX4drhs2Bv5RrxsRDqF9+ijj+XHVfDk=":{"valueMac":{"type":"Buffer","data":"zcCoep61RE/9pkMftBOvBhllj1M2oe4evppyn6n1d5U="}},"zpOEGmKVL5KYkmgGK7TzuSc/M7tsqpJ2FSUNFJ35TVE=":{"valueMac":{"type":"Buffer","data":"vWGvgrm+wJ5x9tQV73YkBPq1rF8sWYQO57kkK1I4mGk="}},"N0f3vINfgXyk3BrK3oATD/EgVnwe5SlMuX8ZPaM9ZoA=":{"valueMac":{"type":"Buffer","data":"C7KZoQS9plRUrn5jsGq0eWo4FAjUlS9HgJGQIQwpuZE="}},"3H36bf8e1ykmmqgUhnQFWwt1YH8cE5PSU928DTogmfA=":{"valueMac":{"type":"Buffer","data":"BGebecJSJRPK+8+E9BFkguIoIMZYQVa2SUvCvftAYCw="}},"d2w6kOTZvGNQRc15derhHhRzpX7NsbO49KKo2wAXDHg=":{"valueMac":{"type":"Buffer","data":"u+vJArA0+396DxxXPwz4HvZIbLmlej9tP/pIgv1uqkI="}},"mKfqAM9TMELE02H9XLejvnVfSnY8+K92K4T083WTdfs=":{"valueMac":{"type":"Buffer","data":"EdXhX046PHD7zeNcc45gFCeq2on7y3ODA2CyDGzDbyQ="}},"Mv+UH8x7UaILcwXoPQnzgSziwpT8vAM9+HljFu/JiSk=":{"valueMac":{"type":"Buffer","data":"4snR+XDHDwJR0Sr0gqV51hAPD7cKZmqnm7y5X5mZR7M="}},"CNkxUiAm9c+ghLQELy4REwKkg+odJO+qSR3DXn8/LaI=":{"valueMac":{"type":"Buffer","data":"sW8JUoPyjm3Y3n9rcWyGhWx1UjVBE0/aKg/Ts0oJFF4="}},"J5xYpabR2BXYRbsuYWk/0R8zuCp+pMjg71DmoRZLkaE=":{"valueMac":{"type":"Buffer","data":"3/2DFI3Qa0IKC6Cz/6MChmN2vy6yk8CQKWf0EG+qy/A="}},"dzsN38gUCGQIfBwn8eI9WGLg0DAO/YnKLIyho+Wd0VE=":{"valueMac":{"type":"Buffer","data":"nBhYEcLl9wqLOSmlGW46TZ/5qltidn1jXiIaBNfBRwU="}},"R5uYkrMJkoBGNjLqCzObImzxEAmjraCJPvFB8Cf4htA=":{"valueMac":{"type":"Buffer","data":"dpA25Eq4NJZVi5ljLgi7zaXbXrnyWKgu7jVDtuiLpb4="}},"sBqQ3/9eBJIbqVyCf94wHAPsVVDdcMzWr4gkW+C8ARk=":{"valueMac":{"type":"Buffer","data":"dSEEw03EK+vXz8G8Qu/0TqDMp2Hu09Fur7lnRHXisVc="}},"j0ZGEUk4w3pjggCbZ4imc65XUU857PvcK4p5iYa0l9s=":{"valueMac":{"type":"Buffer","data":"1rCuzvzL+VhxI6rPynCQSY4aZV/8VnbC2mRPY8j6ujA="}},"oEn3asljyAxmFC5SlWK7tkAaBd1vcX52Y5fQUEyDMJ0=":{"valueMac":{"type":"Buffer","data":"DPsMqzr837NBGDgdQLfARJ1KF5Yy/9abnvsTHz+Hy5o="}},"ZcJRhcGXblvUXvqbtDCiuI8D0c+cp74aeDX97TNy6HI=":{"valueMac":{"type":"Buffer","data":"CAq+tpQDCWvUkyk9ctIa8L+epaJPGoJCuQXRtQf9CCA="}},"A6Zbve9e1Frvq/GoTTrbRiNtRV348o0IK6v/+lWvjq4=":{"valueMac":{"type":"Buffer","data":"v/e5YJu+92iNimgj1wH9pO10wQ/mT5+jKx/ZOWbFrxs="}},"px9+xroY7MyXBWJBEysxKHr2WNUEXXxW0mMArPVZGDQ=":{"valueMac":{"type":"Buffer","data":"+fPgPaZUBfvsRdEpSauVBE/B1dXVVBK5wgCO/Sypk54="}},"dPHSCvHw0xRO2zfDbkZXztHe7PF8T6UWxA/vBGNI72k=":{"valueMac":{"type":"Buffer","data":"pKuzlbeHqYHVmVJQcwpD3KdpJet1VHtIjqr/vEoEREw="}},"C7EiY4HC0fpt5OjxX/JKjUcycC+FgUDN1PVqciIeyjQ=":{"valueMac":{"type":"Buffer","data":"xx6nnL7X0Bgxtq2ua6OPTFlRohsOfq9mIGSDgRrGu2c="}},"zTms+62Td4JehVXC5GsxmGdE70n6gjcKRzM/PRxmbRE=":{"valueMac":{"type":"Buffer","data":"tWOGAdAPe0nvmUWlYS0xwyRWhgAnj98w/TD49bmSZ24="}},"I3EAZI/Qz83pPMsceLvfTDY9AXhYROGVxtrQHU050c8=":{"valueMac":{"type":"Buffer","data":"mvzgRjF8Ck3ECyvRxNTtH1zmoArCOdyHaWsysv30eO4="}},"AKA8WcmCwdL1nkRiPHlreXkTwjCvVqjRDhRLVd+DFOQ=":{"valueMac":{"type":"Buffer","data":"xmSLm3cx2M34TrMPRV6x+p7/SEkwF25nOcNF0jjRjbo="}},"C7R6Ft1nFrY01qyDH+qw2tfaA3VhM2LHI4NUyqci9X8=":{"valueMac":{"type":"Buffer","data":"dQanl4xBzfqI6NKM9XSeGUonqlrur8IUV80aGKPtlbM="}},"PqjxapPVug8z4LLIZqgCmfVkHE0ymQNF2y4dUYsecHg=":{"valueMac":{"type":"Buffer","data":"yQDXfG60SNs4j6hLPwna4N3sOjpaDx8m8BSTihCtQss="}},"O8Jf3oSoX1U1JfR2O5PEbcI+vXnpLWK69a9yrZDBSu8=":{"valueMac":{"type":"Buffer","data":"Fn47tvrsTKdd/W7i3PTW1Q7N4+hiVcHKhr4I7APA5Y8="}},"EK/0IGcCgCc5weNLzPkvCOGdo35UeEi+dlSeM2qhHSg=":{"valueMac":{"type":"Buffer","data":"FpLNkGsIrvtwedZhiGrtO2EJRHndScE3hHQ9Bl2zwHA="}},"GgKQCdxs41ldWxoxcGfOwcsfw5LdsDaZxfb25C1wUDs=":{"valueMac":{"type":"Buffer","data":"jQTBHq9oOJTlURHZjsPcKGVsXV9kYE6+EdoRocxHQ2w="}},"ffIgkF11cR4yuv1ROAeGFJtD6akCZ6PUFVsCYP2gXNk=":{"valueMac":{"type":"Buffer","data":"0+5pDqCcE7pf1sq3zlAAkgR+Xf8hawEcmvcKsPYnDik="}},"46oyDQSxCGbOUoCdjeAsC5agFMHvVBy9mc7icQm9rzo=":{"valueMac":{"type":"Buffer","data":"tO3z8SjkdsDLwT9hLv4BgkxmQXWcnrroFKBiNsjaS0o="}},"t1Sg8L0L1B51qRIbX0EjrGwGUAGL9jD0KyYV/Fkqm6Q=":{"valueMac":{"type":"Buffer","data":"RpfCDSdsAb5lUEMiywIAFl/r39+POwVYvOmr51vqTzM="}},"s85/S3jQEusQtCOJ3xwrIJ15ZRV/oR/Sp1VvHbQFDmY=":{"valueMac":{"type":"Buffer","data":"rMojxDjaZG+MLPWwMD/BSL1yLr98p9YyVazhlTzOtbc="}},"POSl5nk4O89Tu6w43yU32sJ/5AS4G4FjfJbcnMkfVyI=":{"valueMac":{"type":"Buffer","data":"w7bp+o5/jUTO29gVlwjReA/aJTQa6WVXB8AbbEvXjrA="}},"watgAMTXZ3oRKLqe1eOXo1Nfq07D+WAnxPBnGDArZlY=":{"valueMac":{"type":"Buffer","data":"8u/D+dyqnYeqAXj0f6LYiS6SuffoX0tNlNOmoT9qOis="}},"lT2u2eON5gaPXDx4WEHSpBNeVCSH453N350wRl+IwrU=":{"valueMac":{"type":"Buffer","data":"+hzcooYrER4Fmrcych8P/w7PqomLtswRr3QkSSxwiPU="}},"Ajr5pUa6LCZms171DYzeKSo3aYflvwrIGVhj0/EWIiI=":{"valueMac":{"type":"Buffer","data":"tLegoyxNHx8701/SeMpLOlsUIBtzRapa1lb+0svrP7A="}},"R7vT52BgBCWGaxZSJt0j9u69/zl2AowrYpilYs/gj4o=":{"valueMac":{"type":"Buffer","data":"D15ta+oYt/VjPxdxxwJwAD/uJi4tnx3OE+khs7LJupM="}},"7s6xtzOb4iOblEG6XifhfXMjJA07DrcMkVsQgqTaSoo=":{"valueMac":{"type":"Buffer","data":"PMkCjcjzAC8NSR4raamFBmUd+NNYhlHfGZzl70A5ogI="}},"whS6yqyf3urrc8b4KGc5Cit1h2r47ueB3c0ySBknH7Q=":{"valueMac":{"type":"Buffer","data":"7DWZ3imPi3194T7VjD8Pmpvl9aC6TziFBs3cxOxcPwI="}},"+mIlhSOSsZvGu6ZSe3FMBCKmzxjs3pVK5y/EfG1tfpY=":{"valueMac":{"type":"Buffer","data":"qWHz3vXpYxzj8nIlgISN5L5rFPVYd8qvtEhbkI6r7M4="}},"4AlQ3IiERkbspnApZy9gbwjli3st3/BySre6W9K7grg=":{"valueMac":{"type":"Buffer","data":"YGPxFIm1gDHbesaQSyf3Zf4G587qPfR0rt6rPxUmp+E="}},"e0kbIesNwxPrHQcmLbQ/Fz/0cL9iz5884zBmM2Lri3Y=":{"valueMac":{"type":"Buffer","data":"VVWbQ94w/XFjnTk7WUSA9yKlrv6drc6zBUaKOkyCLxE="}},"mClyBCEwD1hh0iImD/mhmCCEBwaFx1XfFG2u/5fV1Vc=":{"valueMac":{"type":"Buffer","data":"ratmpdiCfFcGiX5ZNW+Jh0txtDb4OsielVWdWM4eELM="}},"lCoEsbRilrukqJy3K0aUHM5LgqGuWVfPv/TbIv37DFs=":{"valueMac":{"type":"Buffer","data":"Mu8swvg4E0SWJgPru2xdBmmJxQpTut/GGR1GXt3+McI="}},"fhdiOmfvJkjGSawQlTcmrywrqq4tdR2g3sn8CigdNgc=":{"valueMac":{"type":"Buffer","data":"7FM5z8AADGbtKGEdwJZG/PxfRr+sxATGLL5w+hLuymc="}},"UGtAm1fJkxxaZTDp2RyQn/WrutViawuT4iU6itsmtHA=":{"valueMac":{"type":"Buffer","data":"QO33C9VhoSWkn4fg1lqQR+8mlcDVoHosV1r6dzLeC+Q="}},"U4u8N7p0446AdpbgwoU6R5KVoaR9hkj7P7+7WTZgHfk=":{"valueMac":{"type":"Buffer","data":"U5MMMj9rAD4c+fhXvtrqgD0K4qjYe3skLjGWLLTVk74="}},"tUVJb+w/I4MiGw/4JTDa17CQM1xdS2SL2dAtBTWaFhE=":{"valueMac":{"type":"Buffer","data":"LvRxQ3OosphnuiwlsAf6XZy+TOh1n081Oaz84E0N4Ok="}},"Cy/oGWXBcZpT5GWJ+Sn4Tk0TcqonAR+nafw0GXHF4IU=":{"valueMac":{"type":"Buffer","data":"02zrRDfdbLSbkuJS3oA9+HAd9b0vpT45YvEqP8TkfWA="}},"6iiOQZTPjb2Mo28gvAemh9y0G8U4rHWtBanTkTf6EEQ=":{"valueMac":{"type":"Buffer","data":"NxRGaxIXefXNgWRuwRg+BYrBSpUa9hMjOGIzl7jjTbM="}},"S7TYXghlVefHNK5cKA/KnuqM5JkdRdXKZH64Riq9d1U=":{"valueMac":{"type":"Buffer","data":"g0+rP8mraVukOTIpPOzjD8829nKEG5ebc2cR3PkC/oU="}},"YkX2bgrKdBcX+ySQhxXpSZpJ2dmwkVMDnfUnR9gPc4Q=":{"valueMac":{"type":"Buffer","data":"IDHzGUhVmy+5/egc4ePux1Vw9WOmWXoXP0A/MzuWLSw="}},"F5n3TLz1QjIMNxwJYF12vPovFp+gcQaHe0qC6KSN6V0=":{"valueMac":{"type":"Buffer","data":"gALO+74RdFmfaE4y+6TeAZvxxz7Vb31g6RNs4SYWMJk="}},"wNeOrZqq4ElRlMKx0yc9kpiYtPWTguUZMUqvTCVEHDk=":{"valueMac":{"type":"Buffer","data":"tvoE4qgKK2o/4Nnzra5zC2gB+7/6MiUaf20rV7kLrbQ="}},"JWRiDHJjUVBRkoX5gQNa4vAl3hn8S4ZMXoigilYiZHQ=":{"valueMac":{"type":"Buffer","data":"t9TpY9UOjZwznVsxFLdDdLm3DwAKBPkMUYuGnyqlLB8="}},"qAqrV7xovvM7zDqv2FY0/NT73W1FmyemXFRMjte5zzg=":{"valueMac":{"type":"Buffer","data":"Oy1jyMwFZGgjavc458WIF7WNZXRE5OnzCR+D3PG80d4="}},"EAVZJevRp59jlDxnOIZNQRlK2Wx73Rt00uYDEWmkPS4=":{"valueMac":{"type":"Buffer","data":"4JZ3f4X9eIe+TeOOh19r2f84rTFv+IyRBkZ9cHTGK+k="}},"FTjsZg6EjD/t86iOsUmgn9l98cnHu2sXdA8x+l1bLC8=":{"valueMac":{"type":"Buffer","data":"GdAaZLA2VtrgZz7a71NU39GGuZsXap+nZwKL6tl7qQg="}},"wLxZJ1kFiOzG8vXxRz5tg44chn0cpY4YBKDv8qPEZHs=":{"valueMac":{"type":"Buffer","data":"oTswA7E45QmYP0WzWp7LWqWxv8jMHACYRSYVXOeXDQE="}},"QJFJS1p2UyMUnnk8kdWzzJSz48i2wd/2jOvpwPjwHz0=":{"valueMac":{"type":"Buffer","data":"KlrNIt+OdZia3fnJVTI1dHQYCIlSSRdTxgqvlud/gCc="}},"NCHi5gnwH/DS3WeeSOLPAI6aSc24zf5IFTwE7X6qHoQ=":{"valueMac":{"type":"Buffer","data":"6cqi0a7x0CEUSxfbGZ1VcIELz4hSROBOHVvmbHnnHBg="}},"n7MaVWmZ+StRMCj11CgN0eUT+TQmVR4BRN9B6CxrbeI=":{"valueMac":{"type":"Buffer","data":"SaexBPhvaPL7D/f+cj1yCc0u2i19/uMO/cKHEBdGb70="}},"j0wziYywpvlfvc7CdOepJ9hMrgLSVv0+1rv7j/vydWo=":{"valueMac":{"type":"Buffer","data":"N2QDUFSYx6yrRYG11kxBNM5VhSxoZ1ohnnAFf4pIkKs="}},"fKMNc53zSZoLk+QsKJ4tBN1NeQgwaWqnOOkF7Kmppvo=":{"valueMac":{"type":"Buffer","data":"9hEIM+8vbeHUrIEZJqJvggvgV5t+BsI4XO63NjHm188="}},"jaDD7HixD0OnXyfXBQTSCO1CYJtvMkhc7nEUPX2gXX0=":{"valueMac":{"type":"Buffer","data":"hUB9kkzESNMllHboIwrUdW5A4QFc7aVUZEZEgWX6pqo="}},"7QB+6ahUGA9/3sI83P7pFu+42xCmRPNVn9AyN9DtCq4=":{"valueMac":{"type":"Buffer","data":"UHZfiazDbaV/HW4kV4NzlWCsnq8261kj6JgzWFktXEI="}},"B82Y/xnEjWR4IUgwCKzfrW6BibKG3CprZNVHTYEG8iU=":{"valueMac":{"type":"Buffer","data":"0zU4ZMaLPrwTwN4FV4XxvavEMGeISy0a+22auw2EN0k="}},"0XpHyVrTMC69Bm6cg8obfZc7vrwE+VD5PcVVn8HW/Dw=":{"valueMac":{"type":"Buffer","data":"ESkQObv9C9aDGl0XS0Us7y8URUXcfhodXi0mMKqIff0="}},"7KrWI8iauL/ZrtYWRRTdAwPk/crUwyOqZQNsdR2rOXM=":{"valueMac":{"type":"Buffer","data":"XsuOqA4iwchdcWHIkmmDGnae90jvPziJ8qBfr1+o50k="}},"YKZWffOziTmlWsBZ76kmBYfbXR6eD17AvMnLufdvLYg=":{"valueMac":{"type":"Buffer","data":"FvBDSoUZcpzvZuq1SuTsH5E4LHiMvNwRhBwtEfRvc6w="}},"20obbqVuZ5wndzMgk+vUMmbsvmyRyoB95CuYqsfjLQw=":{"valueMac":{"type":"Buffer","data":"l5X9MGcdkbnaRuigt9WPMf4TmcSksoV1hZ36gng83t8="}},"pFgAdo0jqT01XLvDCSTxizh05LzOvF+wZGD7hplo6eM=":{"valueMac":{"type":"Buffer","data":"hplJ5iUS/Au/ghpPpAkuRAuCAOAknB0CidM+OGcNcK0="}},"VjKNYR2siB5DgOAKjXUEVcBuxLQX3ttaSi8cgHJfXjA=":{"valueMac":{"type":"Buffer","data":"XkVrz6D4vBgYiYBDMYJFQUzeVEfw2M7GZZc45zifGeQ="}},"uYr9FTiPatjBo4sgj6OZSRD4inaGRIzA1vP7YUYE/hQ=":{"valueMac":{"type":"Buffer","data":"3ByaDw4Mikkpi+0qUq4QKsj9+VWNNkuM6r/Wjq99Lew="}},"k4+15QslKd2txAaoINjWEQ1Lz/tujYO7D3diPFgfOGs=":{"valueMac":{"type":"Buffer","data":"56+Foj9sTpEkAmDRpdp4XEJMjjCYu7dvGCDMGyEsoZ0="}},"IV96c2Lef99/aq8i3AZ0uPqgPjGdl7sOOaf9YxT7fKg=":{"valueMac":{"type":"Buffer","data":"NYVEBFGths/AOqykjJxf/JmXZALe4XyA8adGAkKB3gg="}},"2DexfSaqYBfftsx07y3TS2yu6NhgFJYE1pJv3outo5Y=":{"valueMac":{"type":"Buffer","data":"dnipVmtBb8+uEITUOvwc9w6U/zd24DVcFIlAVFDCVRA="}},"jml/aU2yGu4xzfrZ9LVrXdba6dqUv3JOjSj1b4HQW4U=":{"valueMac":{"type":"Buffer","data":"8yCSZtIc1FLNTHqhEMsT5qGxPrgo/JwsaxBO30Ou0jk="}},"Ofse4dv0rLwJ8Dx7VTZiUSjoUfqbVyiHjw1+cEy3jj4=":{"valueMac":{"type":"Buffer","data":"TXXG4xAMgHLdHthyRASmyJQub0ne7q+tNH71ZiPmeTk="}},"FDh42jsX/eL79JLzMqyAYx7jA6r0rDMV7zJUFJbyotc=":{"valueMac":{"type":"Buffer","data":"ryDslauWyDDIvREXyAvQNNQ2woW6ORoXAAyUyK38iO4="}},"1RaOLL/CUWlKme3SPSRPnM2dzZGdvSaAGNsmoV3erjc=":{"valueMac":{"type":"Buffer","data":"EHz3jG5wqQWGKjlpzyiosEmwc8bAA9lJJwhRLDTjgas="}},"z+2Y9ZZAKZcEptX11Ji9oX6zHeJv7XAvubTyAKrMIYs=":{"valueMac":{"type":"Buffer","data":"5YP2c0ITZfP5PP4S0VJ6pjHca30fAmNZ0/25Rr3JaDw="}},"3yCLu8mlJjhOtkcmJwG+d9Z1tinTwceT3XSJ++G3Bcc=":{"valueMac":{"type":"Buffer","data":"f69y4CAXQA1V0CTBSyA0EEKI962nywCCAJNVRfzIz9M="}},"6qeidcZbfzkAwQDoN713LpuP8fv6i16YzDC4i+zIxIM=":{"valueMac":{"type":"Buffer","data":"koOSQopdlCOI0I9heJDahmVG+D2Z2gmh8qNcl0PW3o0="}},"z2EfdtdytZLkz4q/GqDtZIgCNEzW9rw6qquQC59yQ3c=":{"valueMac":{"type":"Buffer","data":"vj0LvFq9J6h8A4VU4nafjwn25WUfR5CFfB1oHZYIL0w="}},"J0b0xeIymUXVu0iCgDXsATfbjrIWsT0stKAPZ3n+fWQ=":{"valueMac":{"type":"Buffer","data":"qF8PFDhFHP2FBaPMauNiyCOj0zYH0yrx+HBSYPnkMAk="}},"tzX+LK2EkfapnVpqgBwvi/bg3KbuOsNwMxFjObMIUK0=":{"valueMac":{"type":"Buffer","data":"IZC6bD5lnPY/wwQgZeggvkcaxRfyw90+ttrl8Hoasw4="}},"Dw9fzcq5xeO6uU+kXgjEMbhaYyOBIPu1GZfkaQiYWhI=":{"valueMac":{"type":"Buffer","data":"bfBGcQoEN1y8hFwNVkX+vM7raFt9Ohj485+vx9o52hc="}},"r4NWGQlC12SK10rlbvTvQiD0ROfjcqbWumaPiNt+NYY=":{"valueMac":{"type":"Buffer","data":"tOAL6FzRLQt6Md4ajcUV49ZrtSdG1vAndMeMq8yBVG4="}},"eSNrolppF0TjU7P47eMJrJpnjDh+UaSqT2BCBdUCcNY=":{"valueMac":{"type":"Buffer","data":"Kj3OObDrk/H0KWmXerHNPSi5IMdLeayYu3Kv3WxOde0="}},"xl1zD7zzmJleqXpI5nmIuVaQgYodcNYllzt08qTfM7k=":{"valueMac":{"type":"Buffer","data":"MyjKRcDK6ricEeYgi8MwwY8k4ThO3D5fF33uREinvpU="}},"bmpd21jRPn2bC3eu9rDTI5K47rHXlWykpUWm/00rR34=":{"valueMac":{"type":"Buffer","data":"hN/h4AwsZs3pInISBAseSw5iEsC+MRJ2hpB1z2eH6D0="}},"OMnR1ayg4PXN+9Rl3oUnlnxmajGjKtMdeOXhqcG7YEg=":{"valueMac":{"type":"Buffer","data":"EpaRKa7LD/n/bffkMFFx458e1MZeTZ1cXBGkWJ0oGMk="}},"4WAsEf8fnZCu2uvZM8crmbP2rC4wgbsHamMAd6NHVnQ=":{"valueMac":{"type":"Buffer","data":"7OmDy8R/UdvUADR/Ko2pD6LoJGfvn/L8gMeMz73CcgU="}},"oLHT+hkxFXVSajqeyCg8ML7gNr4GPT/gD42hDi/YfUU=":{"valueMac":{"type":"Buffer","data":"emmjfkcT8QctjTnB3u1s8c4bWptpVFGFLsKliAJF2zQ="}},"j5NtbYm+9AJIp7fDSLEF9++DpPPXvh7yy+TrSqZQFOg=":{"valueMac":{"type":"Buffer","data":"t+KJcxZ/m5zcnL9apONPiAizTEvdX48yVpphSzIUsWM="}},"Wnbc8r2sO6qwDmpet7fb3C1p9L6UvMqQrC8zfngle/w=":{"valueMac":{"type":"Buffer","data":"qStzBkR+F67+zItpME/T49+p/7ZG3CfC3RIcpu5WORA="}},"y+Dn9b8/GaJEZmVJ6f4OIR1zky1CKN+EZ0kWvYlbsGc=":{"valueMac":{"type":"Buffer","data":"Yvyunhalieo/CZSbu5sVEYyTChCURNX84kwx4LGW534="}},"wf3lA/MFGpRsy1i5z4TBAHSOlrfUe984egZjX9BMRQM=":{"valueMac":{"type":"Buffer","data":"nhiIefwrr6Sc9oVDNoYsbdUKpJL/sywaqNC7epDuzKY="}},"/AKchK/ops2LCAMbU4fL2SvWXChGOlfvV61PXI/uFYw=":{"valueMac":{"type":"Buffer","data":"YrmozkD+ajeTUUPNHU5kl79GMxDzCgp+5TN0Kxa04F0="}},"SGgReU/3wc6Ps9LpIDTUQUARkVDqRJshc+Q8iO9vaWY=":{"valueMac":{"type":"Buffer","data":"hZmKFxOKLKiXif5cD4JjQ+aC++axRqy08+q1/bGeEGQ="}},"2IAlV5xQ5v9qnMCg/UbMgU6XNs8v2G3ik8kCNJigGrM=":{"valueMac":{"type":"Buffer","data":"GD8mFU3QHo0T52Ah9C1+4XnNApSMLDH2wZilK8wajzk="}},"BFBg0mC3DvYR2khdxOncotyHoTvPFF96dsNtn0eIRaM=":{"valueMac":{"type":"Buffer","data":"LKmsUL83M1MTV9QlwfcTTKL6kV6MrC1g95J1h4n266A="}},"PflfZ283Awy4hZeInZJh0cHw5i69fp8xE5O+R6FOVWw=":{"valueMac":{"type":"Buffer","data":"Fujg0yGSBYIa6w1DI1jEVKnB3108dYnqTWR2hO59pJA="}},"/rjTrnNmmaMfyDmskg6k9Vhul8qjsP94ppWbFrIF744=":{"valueMac":{"type":"Buffer","data":"nZSqGZRSrQVzeqYs1CXbf9wLPs1YY55j+I6oPvQHU3Y="}},"GNylznskoHS9u2U3HTNlo27wJIn99jnwAY8GY0R63Ak=":{"valueMac":{"type":"Buffer","data":"VaOZ13m4SUZcuC3JIPIWXXwEVAvnMSV107+Z9UtoSyg="}},"xjbiLJhvJHODAwirkbm7QsbXekL+H0yLPIrabg97JdU=":{"valueMac":{"type":"Buffer","data":"AXXCsBzUR2MyeMi4sc96SDtTE601Dcs4l3xizOejesg="}},"m9goj1bONCyOUKPq4kWWEhkik6XHQjrIjLZRkMSjY4k=":{"valueMac":{"type":"Buffer","data":"ArYvUsmwiufu/CHlFb1KclJKvY9TDmTzaX1S754y3Fk="}},"RlwCo050rXOiriU9ImOp62XxchYEAfO44xdUZgNVBQs=":{"valueMac":{"type":"Buffer","data":"uxw8mhltvRvcZUlb6uduG6ITCmVGdUU87jf+lPm6U/I="}},"n7tkawYnREVI7RZjLe7ibJ93m3Klxm1MqAKAKSbllSU=":{"valueMac":{"type":"Buffer","data":"mN5Fk540JbD6evZkK4FBoLzRSDC0llKQVgKAYh95Hrk="}},"OqDNHjo9m0EJY7wM2XYK6GyHYBB2OGgmzryhiNQg65I=":{"valueMac":{"type":"Buffer","data":"LqFX71gwk8e1Cn3oxjJkAjpcW5mFAJAhY8racOhE00g="}},"KDIsS2luJLSf4wi+EsX7BErOEXGvj8Heu0O45KyUwyE=":{"valueMac":{"type":"Buffer","data":"UK1ykvUm7R1s7UFwhQK32eKw5gjs7Cfnn6yRd7abygk="}},"s6KLs9NIICrjVtYsLlhktT6Mb9BL+Y0c7B6smW5sLNM=":{"valueMac":{"type":"Buffer","data":"394YQhBXLUOwtyan256hc2p0fe2VMerVs2kPwU6a2Xs="}},"BboPLQfYphFkFF4cc2FvXY2TqDVkMlx3tg6GNGyxQTw=":{"valueMac":{"type":"Buffer","data":"uOO1rNbMl4uzakhUycH/mkwWy+ek3PPDdZpODHwli4Q="}},"/pL+/gehB8DyJWkyjOzBrRIOy8iwY0OK5TwiVwI3R4g=":{"valueMac":{"type":"Buffer","data":"xhsvxOC32kZgZKqAPpifUjmCZMY7VjNL4RlxbHFzgik="}},"7YcU5lyNZAu6NBROwu8ZqmQiyQY4AjpjPEudsxG0eXc=":{"valueMac":{"type":"Buffer","data":"LCmJ8jVc+0fO2Y58TTeSIfoMpliNA3vF73xQUXHKkFE="}},"zKtjLkf44Q/BbD/zvKukHOrL28z5JoctZH/kKzzHfMA=":{"valueMac":{"type":"Buffer","data":"J/9uHjBY+IyPZLSyMQxfTVhiakvfpxA8P6cUakhRcV8="}},"SgFIQDYKbERQjLFwRjdZ9dkIVLxMZsATnEI273ilCFA=":{"valueMac":{"type":"Buffer","data":"hMVDXM1vfdSZ7fWuKL2estmNxK9nt+vRhAHcNDlaSxE="}},"o3gLFl8hSwO331pwUCCgbFm0hs5J5fn4k5weJ/wkPfU=":{"valueMac":{"type":"Buffer","data":"1eGaZjqjXYlk3qEd00e1KxR2md6RpRqZeCAJe4MMvrg="}},"86L2ev5CBlEMo+gWBPJh/7wExzvAl3PtET0zTnE9jEs=":{"valueMac":{"type":"Buffer","data":"yC1gVaLHzD96J6epW9z9oUxlEbuOX5TP0Dcg2whZmto="}},"Mw8qRWQabXE2RloKG5OltkgmdGkRjK5tzk5JD/Ljcmw=":{"valueMac":{"type":"Buffer","data":"oePYJHLJklBWoR053zcLEO1ze2lL8s+LBwx90aYSbgw="}},"rmiFMH5KAwggCKGj4PaxGP9Nz3yXsbg+wvl3bHxJZMU=":{"valueMac":{"type":"Buffer","data":"zieskfXtyordLvuyxBrOK9bAvtC20Yh4ZcTei6MbCaM="}},"+LaE+g0w+yZKN6EDSfgT0WNsBxzjLCrWkXTgqA8ItaE=":{"valueMac":{"type":"Buffer","data":"HlATBT2OaIcSAqyqj0c/yoDgXatpmCdUOab1mqsHSVo="}},"lOG8jpaSmqJsiPpq274GjkEXHz3dPnm+Snmce6B8oZA=":{"valueMac":{"type":"Buffer","data":"2ogfBjqFMgxDMRv4e7SvYHHA6UmQVXp6zG7pXq+QZvI="}},"lI7Co10XOYuKdN5DmF+4MHEU6RUbN5DJDeVSPK59N5Q=":{"valueMac":{"type":"Buffer","data":"v53hUyOp8Q/7bIQsNGOCBiy9/K6hkckhpmbrWEYUKZ4="}},"dqewnniNVadFWwtt8IYK3p3fyIAIbd0KZoKGPjDByLY=":{"valueMac":{"type":"Buffer","data":"h1ICz5hyV+GjkovOKtDr4DRGtdNR873k5hwJleYuIbE="}},"m+mcFGvJqn+RNuOmgy4RpC+bUUqOQ1O8pM1w5DODUyI=":{"valueMac":{"type":"Buffer","data":"B1A192fJA6pT2fBPsqYrvQLqVr+R0N9xf4m1pT5hyGI="}},"SajAPT1heb7eOoyjNS94+T5vX9cLMaODqupEJeNrv1A=":{"valueMac":{"type":"Buffer","data":"ESx4lABxiIMnitWMByuhOVAUppiYTgKOKOn/M/VLNFo="}},"x/aUkavBPgWqx8LAwJp9KAmh/+RjfE0qPnpfynKiW80=":{"valueMac":{"type":"Buffer","data":"KzU77c9PHft5J8XIxrHUJ1qKLLe+CuPEeDSXChNWLXo="}},"R8Kls/SlwbQwN+tD61WDHYTu6WsSYGU+fdqdqyUHnb4=":{"valueMac":{"type":"Buffer","data":"hujSzKpP1rNDgbgubtb7jB+4//Vwylk0nSoNduZTxAk="}},"MQ/L30liGkfYsslHhlUMjKnAR2vo5hCpQdHM1u6KEXo=":{"valueMac":{"type":"Buffer","data":"HADgFXGg/xq+IMUxlxPpQT8LN7Klbgak0ru6xua2LmI="}},"0gKo5JapkE/Ns9RvkT1z1pTtR6IzIrxhApYohO8K3LM=":{"valueMac":{"type":"Buffer","data":"5eK+OqkkpkpRc9fercVfVIM+9ikoJlpw6KDiBCDdUMo="}},"yenvrtYLFM7o+V/ccuSPEip618snxdM7UsmIo+gNaCk=":{"valueMac":{"type":"Buffer","data":"YqZstnNNfaWULp3Jntz3xa5vhHRnEuVQUv9HbO7+ZqQ="}},"QCl219nKW0iUt1dOUu3MVsp+5t4e14nR2M/0NiFgzpY=":{"valueMac":{"type":"Buffer","data":"AGe3XUcRah+n+x2xZIU6u/vi7Db9VhWwyPf+18VObuA="}},"QWPkgEr9THYDBy4dxGwPcnWwaRjF4sQTvAHrGN4iaT0=":{"valueMac":{"type":"Buffer","data":"mrSvVswMLAdt8MYhHPAa1QxVc+9LouSesB61djIK6WE="}},"lVMJGPJ7mBpx64rxSdqBQ+usft7wk/8vXdXowRLuXAo=":{"valueMac":{"type":"Buffer","data":"AicvzoBKZFWBLVgiN2yExmq0pXgwUQfbQikYelLj5zE="}},"5n5Oe4Zq66Kcgg35FJgO01H13ZGzfSyC+ixJURq9rQY=":{"valueMac":{"type":"Buffer","data":"PingKMxCPTP0fNGmlxMKif98mKbIiSzZ9Q/kRjD5AdM="}},"u5ot4Cc7i+2eTtljidaPhlrUyyYSD9oZ08zN97tj+f0=":{"valueMac":{"type":"Buffer","data":"HE6Sc4T7DC6s2xYMFbbXWbEgMq5vx3GjU5liJKWB/4I="}},"9/RVSaL4adanfgycCKtCYw2PEt0btr/3Wy9a/ye57EE=":{"valueMac":{"type":"Buffer","data":"jQJFG/WsWDUzGYt6Gsd9M0/CiCmOf+D3JwW6cb6U6ec="}},"42t/p3dTQctw1RbY1iDDXlpLgRkaUzITz4CIGAkn48k=":{"valueMac":{"type":"Buffer","data":"3BAkIdjRS4OwNhKdtMjBgTRoSUgD5vo6bRU2mIJRM+Y="}},"COb4rcSYYwq6Bpoq8PaIAvHhilOMB7f9H8vnGmMYAzY=":{"valueMac":{"type":"Buffer","data":"vvi6bp6Uvl4IC9VmCiAeFHDLAwsC4o6F/sMg9Ct70bg="}},"YLNC/NzYFHBnCfzIzGSgc4daIEXzGTcHZV86aKFCs48=":{"valueMac":{"type":"Buffer","data":"ID+DQE0/i8kmXxH7u7le7NrbIojxBNQy/2o9rQ9C5L8="}},"SCcdvt4i7m85z3iHaBqOB6IfAd0FNjUNN7daDbzgzis=":{"valueMac":{"type":"Buffer","data":"vvnc9dv6vyrol98dJ+P2+vBjy4lAMeIn+WDtFXolpfo="}},"2Yv1hXtsssefBVdvKniV6WnUI0enbB6pEmv58gwxRrw=":{"valueMac":{"type":"Buffer","data":"1tFqwyeCKjxJ/2vymQvQlB4DNfyp1+3A7J0fdBU6YCA="}},"G7st0JnI9dMOH+4w4lamPG8CIMcwiij+76W7KytO0fM=":{"valueMac":{"type":"Buffer","data":"Gl+cyQ0cYhFH78T/WJlVd1B3xO78+Uq0ZRIUAjt+wBY="}},"3TJHq69hWUl3g9FbtdRukdRR7Oz9Ci7hzZ6tNJ+nOFo=":{"valueMac":{"type":"Buffer","data":"iSMe5o4RkG6SKNKVq4choORBNoMPePC7dpf974cZcQw="}},"x7LU0jkBKZ2rn0wtDl2itGj4hedGsk+s1mzDPuUO5Jw=":{"valueMac":{"type":"Buffer","data":"QeJj02CB9MgtKqzkSjARtV5kMi7Lu2gl7m616yBL0+8="}},"drT8IkTvYZz533njBGtnD1pIL6tk9Z2OiE3NMR6TVrg=":{"valueMac":{"type":"Buffer","data":"82L1BigL79g8/Oq4ggm/quo1DPtHUk+vJuMzV19W7Ss="}},"EE3ovzriJtPG/m0laKNICZqP9i8Bvns20YH+9zXMVB4=":{"valueMac":{"type":"Buffer","data":"4rMeNmV3aMhsedwUBwxEQY6MktTD6AUcBtdzCyjMy0o="}},"poph5IS9VCCNB62z2MHDqmWJcruWF/+1Jec1OWKXW+w=":{"valueMac":{"type":"Buffer","data":"6cXJiyVKkP+LQ5bUtERtnDjedMtKLWdxCSfu2da6p3U="}},"pZ4FxzPY/FFE3XlrILzsDWgAroBZAKvGwInSdBzRJpA=":{"valueMac":{"type":"Buffer","data":"c5TnjUwW8btrhrRByYchPxRzsQcTyfEmn6LHG+eQtxc="}},"41Ig1Q/6q21LGt3Aou9alXIgkyKbukNAsqsY1CTYuhI=":{"valueMac":{"type":"Buffer","data":"p8zwJN0MBIRfFpw7guwmGT7NZwg7uBkwR9RX8KrwJcA="}},"cnluPG4GN0/f7FrGIZsUdrtNykMD19DTaCq8aThdMV8=":{"valueMac":{"type":"Buffer","data":"Zq92SfVdGDsZ1GQXiXYgoizXkMsULn8RInaiJwEm72I="}},"wXMFo9jet7Wf5v8f0JUwqDDUZTRIb8f7KTmY/UPvmAQ=":{"valueMac":{"type":"Buffer","data":"nGmvUc8m7pZc3XgRNdsIm1wH+dMYH23cmeRwWmVqPoE="}},"v8fyvylMWP3sf9s3SJpDUxCuxEihHgdfwWgHNHkCrr0=":{"valueMac":{"type":"Buffer","data":"ZrWR6aFWM/X3suYduKCDFGT4jzXbWh5peGUySUyIoqM="}},"vAEXIbWWS38nPAtpmGeDcOorOv94/ySAIr8+D9S5fek=":{"valueMac":{"type":"Buffer","data":"BvdJm8pyjygUzjcMaf0Wgd6eAHEQaNc9hKlAlkMYtWA="}},"3wYbIOov61k1tkwNCGx6te8/D/c/564844QK021aWa8=":{"valueMac":{"type":"Buffer","data":"SUl3GDjJ7mUfQSYLIy+LiXcqYNzNcrBcAROccuFFwBs="}},"+3wpm9dsbiDO1b75rfj3mPoPXBgs/mV8Ieps12Hc0Fg=":{"valueMac":{"type":"Buffer","data":"AIB/dEsO8SVZhnvLEslU2MLcrRpko7RlE2a8c4QGpho="}},"0iAgNO3B6lQoU99++5fch3NzOrOChc8JpLKznSXFZbs=":{"valueMac":{"type":"Buffer","data":"GR4YrWL/yG1cu4GU7llh5C+ZV0MzX+NbMpAMLPR70g0="}},"9UY+dJB0sLZ27B+iF5u9kt43Hp+hVCcV2dozjNwMRxo=":{"valueMac":{"type":"Buffer","data":"FRoPXitKJrM5Py5fYXvoa0hW9025QBjtT5scnq9eZPE="}},"MHZch9fBBDVC0w08Q0+eKj8K9ZSUagiaa07AYufa6X8=":{"valueMac":{"type":"Buffer","data":"Lixqz1F2HkFYrEyHx2Q7/HlN5PR0TP06SjHLv8hCTlk="}},"5UkmDTuk2RVFRn9AkCj1UMNbXnPqW5axypXP6Wbp06o=":{"valueMac":{"type":"Buffer","data":"UwP+7r5sqQ/lANA0DC8+8wkjhR+R2h/UXm8nPwe5ci4="}},"6DzC7k2O1XkCvc9qEbDLHO8YWh1EtucJ4/HjxBbd1Bo=":{"valueMac":{"type":"Buffer","data":"Os8nZ+/cujQqNwJRTYg4LRXeMTQp4PK7TQFdi6JNyGk="}},"Zl1Trwi2nv7te4p105ub1wzSeGbX3AMYax1ql0wldfQ=":{"valueMac":{"type":"Buffer","data":"sQR4nW2PDaJpbhqoILi8KiGMLCIZ8cj14CRKfYuUbMc="}},"nBGJLrPCtRYAbGINv1ovEt0Xxdu4lxCLxA5uqwyNztI=":{"valueMac":{"type":"Buffer","data":"fsvioFZ0jzJ8MYA7T3c7xCdV2fcKWrX8CfYJe4CgKVo="}},"uukwr0Xa4wxXhOEuNj5iVBIGROtxuZRk/V6kLwGZvtg=":{"valueMac":{"type":"Buffer","data":"7AM36lrxtDhLaQYbbNqSbXNTxs/hrvaF/tyz8O3CxPA="}},"CDjzksKyf/mu2QghDG+24TE4iuLSrQJrx/EPvllBYGg=":{"valueMac":{"type":"Buffer","data":"Dkf8hhTsjwGmfEgaPzhSfn5E9tdd32t01bproF25AgI="}}}}