{"version":2,"hash":{"type":"Buffer","data":"A9SHBDD3WB86dGoHZ8svEpeLtFRI8MOhKwdpx63lyzV8oSKGkwwEwHXR6H5jjB4fZJBWkhfLy9MiRFR55zvnLosbW+49npvsYKztDJ4pTrgzSns8WJj1yTDB/NmGGLXkpC5pzjAf4RELJtDr5hqZw8n1CA+GZSQWAIpZZq9KyG8="},"indexValueMap":{"Ij+3IZhGeMC+EbNB5atm0GaTyWa7kXSH3NZfQfxYp/g=":{"valueMac":{"type":"Buffer","data":"K37bzTSSLP2QymQrTWz+Jqdth62eGfT0spwK1amMrLQ="}},"WLfbX20B7cCQf4qPiqII+9GRtxJPOkI8TEEHPUXKhNc=":{"valueMac":{"type":"Buffer","data":"PFnnV0u98Myfuk30U2N9jKWxbzYongIWdjzE8cilQg8="}},"PzXbpBBrIc6UgcBinIl4eg6A/1TTVq68W2t6XtZ6MjQ=":{"valueMac":{"type":"Buffer","data":"nk08hMYwYiTLMzjPqESvr6HQGVe9WkNozRDpLdVnVuw="}}}}