{"noiseKey":{"private":{"type":"Buffer","data":"aCHYvQSe6Cz8ZZGHuuOFGoGcs/6dNGUhC4lnUq/Pa1I="},"public":{"type":"Buffer","data":"Mm2EqG3GdfjJbmC34A8wK5WLgoRX9ii5UtA0XGghbH0="}},"pairingEphemeralKeyPair":{"private":{"type":"Buffer","data":"MGRWe9Agy8wPfHndL8hnRssVKb58BkqI8KqyIR8kTmk="},"public":{"type":"Buffer","data":"LUxUKpORDeGSP7aDry1rcQGFxXuN2fT0RVSiSm27fg0="}},"signedIdentityKey":{"private":{"type":"Buffer","data":"qPFASfP6gfgtl/UCAnsL1Opqmun+3fkYNkvLh+W1EVU="},"public":{"type":"Buffer","data":"aqR/S16oOnNMld4VW83x2W0pPIrkClxC5hg+WkofylE="}},"signedPreKey":{"keyPair":{"private":{"type":"Buffer","data":"mK3Plc3DBcRwtzawYRWY7R25PoDcT2lPV378iubyEEE="},"public":{"type":"Buffer","data":"oFxNlSt+xiO7+Y+Te2zlWmu7sDWfMtZnAd5T7Ts9iwk="}},"signature":{"type":"Buffer","data":"r5yuxgBMaWoVisJ5mX78/kVxytw1KLVG4O1Ggi+TSextk0AB5lAiQl/M7WofxZPTtLXVaeunQarq9Cf5Vck6DQ=="},"keyId":1},"registrationId":223,"advSecretKey":"RkHng1ehmMdj9kZmyHM4DXWA2EwRQSS/0d2kX18/Vak=","processedHistoryMessages":[{"key":{"remoteJid":"6285602384905@s.whatsapp.net","fromMe":false,"id":"A5BD6A7E55F075D2CAF9A0EE94433135","participant":"","addressingMode":"pn"},"messageTimestamp":1764425487},{"key":{"remoteJid":"6285602384905@s.whatsapp.net","fromMe":false,"id":"A57A066FCEA7C63B9591B632BDF8520E","participant":"","addressingMode":"pn"},"messageTimestamp":1764425490},{"key":{"remoteJid":"6285602384905@s.whatsapp.net","fromMe":false,"id":"A54BFF0946E97012477256D35C0246A7","participant":"","addressingMode":"pn"},"messageTimestamp":1764425491},{"key":{"remoteJid":"6285602384905@s.whatsapp.net","fromMe":false,"id":"A5CB6E93FEBEFDF7B345BCF982074F0E","participant":"","addressingMode":"pn"},"messageTimestamp":1764425492},{"key":{"remoteJid":"6285602384905@s.whatsapp.net","fromMe":false,"id":"A5BA465DB370A88058B421AB56B2AE69","participant":"","addressingMode":"pn"},"messageTimestamp":1764425555},{"key":{"remoteJid":"6285602384905@s.whatsapp.net","fromMe":false,"id":"A5ECEC069E8B21B0CD14048482A414C0","participant":"","addressingMode":"pn"},"messageTimestamp":1764425607},{"key":{"remoteJid":"6285602384905@s.whatsapp.net","fromMe":false,"id":"A5C3F8613B2AD21574272D6FDD21DE96","participant":"","addressingMode":"pn"},"messageTimestamp":1764425642},{"key":{"remoteJid":"6285602384905@s.whatsapp.net","fromMe":false,"id":"A5D6C292CBA1E01433D0CB085019B63F","participant":"","addressingMode":"pn"},"messageTimestamp":1764425676},{"key":{"remoteJid":"6285602384905@s.whatsapp.net","fromMe":false,"id":"A571ADD68D8CDA2CFB2887C10493D6E3","participant":"","addressingMode":"pn"},"messageTimestamp":1764425701},{"key":{"remoteJid":"6285602384905@s.whatsapp.net","fromMe":false,"id":"A5F85848FAD1A0904DB38CD1ED66A60C","participant":"","addressingMode":"pn"},"messageTimestamp":1764425725},{"key":{"remoteJid":"6285602384905@s.whatsapp.net","fromMe":false,"id":"A5407B0D595FC5A0AD50C5D2B0AFAA77","participant":"","addressingMode":"pn"},"messageTimestamp":1764425736}],"nextPreKeyId":816,"firstUnuploadedPreKeyId":816,"accountSyncCounter":1,"accountSettings":{"unarchiveChats":false},"registered":true,"pairingCode":"JVCJGC54","lastPropHash":"1K4hH4","routingInfo":{"type":"Buffer","data":"CA0IBQgI"},"me":{"id":"6285602384905:4@s.whatsapp.net","name":"Launcher Md V1.0.0","lid":"233011270426864:4@lid","jid":"6285602384905@s.whatsapp.net"},"account":{"details":"CM+6pa4HEIb+q8kGGAMgACgA","accountSignatureKey":"6JzhMWKclatJcVXAiHCtkiYv5GR91SF+3yiLGJg5cQg=","accountSignature":"yJnSGCSneXfA0mQDZGPickjV55B2gK5WqXiegVeP7xpDgr8F1vI30RVBURZH0Hp3GeaOZetGhgOYrq+ip1VmBQ==","deviceSignature":"NqV0s+yXkpWBHzQisd088cS7VRtpoex83NvBmPbkfU1oRJOoVIuuXBE/iPGXQxme1iGoKBxaBc89JmuCJVqKBQ=="},"signalIdentities":[{"identifier":{"name":"233011270426864:4@lid","deviceId":0},"identifierKey":{"type":"Buffer","data":"Beic4TFinJWrSXFVwIhwrZImL+RkfdUhft8oixiYOXEI"}}],"platform":"smba","lastAccountSyncTimestamp":1764426413,"myAppStateKeyId":"AAAAAFJ4"}