{
  "120363335406266355@g.us": {
    "2025-05-13": {
      "628990936282@s.whatsapp.net": 41,
      "6283856943872@s.whatsapp.net": 539,
      "6285709220328@s.whatsapp.net": 1,
      "6285669122607@s.whatsapp.net": 5,
      "6289530950053@s.whatsapp.net": 15,
      "6282168877490@s.whatsapp.net": 2,
      "6285215235773@s.whatsapp.net": 2,
      "6285714088549@s.whatsapp.net": 1,
      "6282231553873@s.whatsapp.net": 22,
      "6285810600585@s.whatsapp.net": 3,
      "6281235855582@s.whatsapp.net": 1,
      "50934856343@s.whatsapp.net": 11,
      "6285274133374@s.whatsapp.net": 4,
      "6285147050230@s.whatsapp.net": 773,
      "6285624777119@s.whatsapp.net": 4,
      "6285920763113@s.whatsapp.net": 9,
      "6288286636214@s.whatsapp.net": 7,
      "6281586627638@s.whatsapp.net": 9,
      "62895322226122@s.whatsapp.net": 4,
      "6287834794594@s.whatsapp.net": 4,
      "6283839477270@s.whatsapp.net": 5,
      "6283821895342@s.whatsapp.net": 13,
      "6282197186123@s.whatsapp.net": 3,
      "628385047144@s.whatsapp.net": 12,
      "6285828032408@s.whatsapp.net": 11,
      "62881024425077@s.whatsapp.net": 7,
      "6282131518916@s.whatsapp.net": 3,
      "6285864157292@s.whatsapp.net": 2,
      "6285864220484@s.whatsapp.net": 5,
      "6283856387716@s.whatsapp.net": 4,
      "6283122190587@s.whatsapp.net": 2,
      "6289507779500@s.whatsapp.net": 2,
      "6288985273391@s.whatsapp.net": 1,
      "6283191336313@s.whatsapp.net": 5,
      "6285163160023@s.whatsapp.net": 5,
      "6283105273723@s.whatsapp.net": 8,
      "6282180998747@s.whatsapp.net": 7,
      "6285798512916@s.whatsapp.net": 2,
      "6288267105653@s.whatsapp.net": 5,
      "6285283974711@s.whatsapp.net": 4,
      "6283861787276@s.whatsapp.net": 11,
      "6281261393904@s.whatsapp.net": 3,
      "62881027247687@s.whatsapp.net": 6,
      "6282337327683@s.whatsapp.net": 4,
      "6282337693556@s.whatsapp.net": 12,
      "6283146351519@s.whatsapp.net": 1,
      "6285789115865@s.whatsapp.net": 20,
      "6285759207928@s.whatsapp.net": 2,
      "62895391033338@s.whatsapp.net": 15,
      "6288279669769@s.whatsapp.net": 2,
      "6281400658536@s.whatsapp.net": 5,
      "6282275952823@s.whatsapp.net": 7,
      "6287788484392@s.whatsapp.net": 2,
      "6288989051221@s.whatsapp.net": 4,
      "6289527005727@s.whatsapp.net": 1,
      "6285368985752@s.whatsapp.net": 9,
      "6285244939792@s.whatsapp.net": 7,
      "6287763211118@s.whatsapp.net": 4,
      "628976934200@s.whatsapp.net": 3,
      "6287856148824@s.whatsapp.net": 1,
      "6283819357546@s.whatsapp.net": 7,
      "6285183213467@s.whatsapp.net": 45,
      "6281237135914@s.whatsapp.net": 7,
      "6285382897557@s.whatsapp.net": 3,
      "6283879376265@s.whatsapp.net": 11,
      "6282118956502@s.whatsapp.net": 5,
      "628977289611@s.whatsapp.net": 7,
      "6283115554654@s.whatsapp.net": 5,
      "6287814743044@s.whatsapp.net": 3,
      "6283844846607@s.whatsapp.net": 1,
      "6285756670934@s.whatsapp.net": 5,
      "62895383325566@s.whatsapp.net": 8,
      "6285810027827@s.whatsapp.net": 4,
      "6281373444575@s.whatsapp.net": 3
    },
    "2025-05-14": {
      "6285798512916@s.whatsapp.net": 18,
      "6283856943872@s.whatsapp.net": 463,
      "6282337693556@s.whatsapp.net": 3,
      "6287834794594@s.whatsapp.net": 17,
      "6285762171131@s.whatsapp.net": 14,
      "6289530950053@s.whatsapp.net": 17,
      "6282119666320@s.whatsapp.net": 6,
      "6282180998747@s.whatsapp.net": 11,
      "6281373444575@s.whatsapp.net": 1,
      "50934856343@s.whatsapp.net": 46,
      "62895391033338@s.whatsapp.net": 3,
      "628990936282@s.whatsapp.net": 24,
      "6281261393904@s.whatsapp.net": 5,
      "6285971642777@s.whatsapp.net": 3,
      "6281292584379@s.whatsapp.net": 4,
      "6283122190587@s.whatsapp.net": 7,
      "6285864157292@s.whatsapp.net": 7,
      "6289518334498@s.whatsapp.net": 7,
      "6281586627638@s.whatsapp.net": 9,
      "6283839477270@s.whatsapp.net": 5,
      "6285282181257@s.whatsapp.net": 3854,
      "6282184467846@s.whatsapp.net": 2,
      "6287814743044@s.whatsapp.net": 7,
      "6285280739204@s.whatsapp.net": 1,
      "6285714088549@s.whatsapp.net": 8,
      "6283139115462@s.whatsapp.net": 4,
      "6285746821286@s.whatsapp.net": 1,
      "6288286636214@s.whatsapp.net": 2,
      "6288989051221@s.whatsapp.net": 10,
      "6283187620297@s.whatsapp.net": 1,
      "6281515281137@s.whatsapp.net": 2,
      "6285820310583@s.whatsapp.net": 1,
      "6285864220484@s.whatsapp.net": 1,
      "6282154402654@s.whatsapp.net": 4,
      "6285244939792@s.whatsapp.net": 5,
      "628385047144@s.whatsapp.net": 5,
      "6287825292870@s.whatsapp.net": 2,
      "6281269129689@s.whatsapp.net": 1,
      "6288219975551@s.whatsapp.net": 1,
      "62895322226122@s.whatsapp.net": 1,
      "6285789115865@s.whatsapp.net": 12,
      "6288987156473@s.whatsapp.net": 2,
      "62895419431037@s.whatsapp.net": 1,
      "62895370380258@s.whatsapp.net": 1,
      "628989929566@s.whatsapp.net": 3,
      "6283821895342@s.whatsapp.net": 21,
      "6288267105653@s.whatsapp.net": 1,
      "6282266438467@s.whatsapp.net": 1,
      "6283879376265@s.whatsapp.net": 2,
      "6282231553873@s.whatsapp.net": 1,
      "6281573093633@s.whatsapp.net": 10,
      "6288233996932@s.whatsapp.net": 2,
      "6285669122607@s.whatsapp.net": 3,
      "6287774231994@s.whatsapp.net": 4,
      "6285161415806@s.whatsapp.net": 3,
      "6283167420703@s.whatsapp.net": 6,
      "6282275952823@s.whatsapp.net": 9,
      "6285246308622@s.whatsapp.net": 5,
      "6287763211118@s.whatsapp.net": 1,
      "6288279669769@s.whatsapp.net": 4,
      "6285810600585@s.whatsapp.net": 5,
      "6282131518916@s.whatsapp.net": 1,
      "6281216948781@s.whatsapp.net": 1,
      "6283105273723@s.whatsapp.net": 5,
      "6288211995436@s.whatsapp.net": 27,
      "6282118956502@s.whatsapp.net": 3,
      "6287891389835@s.whatsapp.net": 2,
      "6283856387716@s.whatsapp.net": 1,
      "6282172802461@s.whatsapp.net": 1,
      "6289676055924@s.whatsapp.net": 1,
      "6289520162219@s.whatsapp.net": 4,
      "6281346439210@s.whatsapp.net": 1,
      "6285382897557@s.whatsapp.net": 5,
      "6282214283689@s.whatsapp.net": 1,
      "6289506142858@s.whatsapp.net": 5,
      "6282231182178@s.whatsapp.net": 5,
      "6283894536904@s.whatsapp.net": 19,
      "6283861787276@s.whatsapp.net": 3,
      "6289676669336@s.whatsapp.net": 1,
      "6285796125722@s.whatsapp.net": 2
    },
    "2025-05-15": {
      "6281285299676@s.whatsapp.net": 5,
      "6283856943872@s.whatsapp.net": 272,
      "6285282181257@s.whatsapp.net": 1870,
      "6282337327683@s.whatsapp.net": 4,
      "62895322226122@s.whatsapp.net": 1,
      "6287833983927@s.whatsapp.net": 1,
      "6282337693556@s.whatsapp.net": 5,
      "50934856343@s.whatsapp.net": 12,
      "6285798512916@s.whatsapp.net": 3,
      "6283167420703@s.whatsapp.net": 1,
      "6285720010998@s.whatsapp.net": 3,
      "628990936282@s.whatsapp.net": 9,
      "6283122190587@s.whatsapp.net": 1,
      "62895391033338@s.whatsapp.net": 1,
      "6285933271944@s.whatsapp.net": 1,
      "628385047144@s.whatsapp.net": 7,
      "62881027247687@s.whatsapp.net": 3,
      "6285736233337@s.whatsapp.net": 1,
      "6285864220484@s.whatsapp.net": 28,
      "6285828032408@s.whatsapp.net": 3,
      "6283844846607@s.whatsapp.net": 1,
      "6285183213467@s.whatsapp.net": 2,
      "6283836445416@s.whatsapp.net": 10,
      "6288233996932@s.whatsapp.net": 3,
      "6288286636214@s.whatsapp.net": 3,
      "6282336967144@s.whatsapp.net": 6,
      "6289530950053@s.whatsapp.net": 2,
      "6289507779500@s.whatsapp.net": 2,
      "6283894536904@s.whatsapp.net": 2,
      "62895321269802@s.whatsapp.net": 14,
      "6285280739204@s.whatsapp.net": 1,
      "6288809786545@s.whatsapp.net": 1,
      "6287712983398@s.whatsapp.net": 1,
      "6282280761243@s.whatsapp.net": 1,
      "6288987156473@s.whatsapp.net": 4,
      "6287834794594@s.whatsapp.net": 8,
      "6281573123201@s.whatsapp.net": 7,
      "6285624777119@s.whatsapp.net": 4,
      "6285165126052@s.whatsapp.net": 1,
      "6282196502505@s.whatsapp.net": 1,
      "6285124264017@s.whatsapp.net": 3,
      "6285283974711@s.whatsapp.net": 1,
      "6288989051221@s.whatsapp.net": 1,
      "6283821895342@s.whatsapp.net": 1,
      "6285756670934@s.whatsapp.net": 7,
      "6289676669336@s.whatsapp.net": 1,
      "6282184014155@s.whatsapp.net": 2,
      "6285714088549@s.whatsapp.net": 1,
      "628989929566@s.whatsapp.net": 3,
      "6283169220809@s.whatsapp.net": 2,
      "6283187620297@s.whatsapp.net": 1,
      "6287763211118@s.whatsapp.net": 1,
      "6285244939792@s.whatsapp.net": 3,
      "6285954098299@s.whatsapp.net": 3,
      "6283115554654@s.whatsapp.net": 1,
      "6287814743044@s.whatsapp.net": 1,
      "6281292584379@s.whatsapp.net": 4,
      "6285891208595@s.whatsapp.net": 1,
      "6282184467846@s.whatsapp.net": 1,
      "6285810600585@s.whatsapp.net": 1,
      "6282249898729@s.whatsapp.net": 4,
      "6285234647645@s.whatsapp.net": 1,
      "6285270781075@s.whatsapp.net": 4,
      "6285952773813@s.whatsapp.net": 2,
      "6282253359964@s.whatsapp.net": 1,
      "6282299091543@s.whatsapp.net": 1,
      "6283861787276@s.whatsapp.net": 4,
      "6289512564754@s.whatsapp.net": 2
    },
    "2025-05-16": {
      "6285124264017@s.whatsapp.net": 6,
      "6281936845010@s.whatsapp.net": 1,
      "6283856943872@s.whatsapp.net": 341,
      "6285282181257@s.whatsapp.net": 2564,
      "6288809786545@s.whatsapp.net": 5,
      "628990936282@s.whatsapp.net": 17,
      "6285751493997@s.whatsapp.net": 4,
      "6285828032408@s.whatsapp.net": 29,
      "50934856343@s.whatsapp.net": 13,
      "6288985273391@s.whatsapp.net": 1,
      "6289504698551@s.whatsapp.net": 1,
      "6285777906740@s.whatsapp.net": 4,
      "6287834794594@s.whatsapp.net": 13,
      "6289530950053@s.whatsapp.net": 5,
      "6285244939792@s.whatsapp.net": 7,
      "6282337693556@s.whatsapp.net": 3,
      "6281261393904@s.whatsapp.net": 10,
      "6285183213467@s.whatsapp.net": 8,
      "6281237135914@s.whatsapp.net": 1,
      "6287856148824@s.whatsapp.net": 1,
      "62881027247687@s.whatsapp.net": 4,
      "6282184467846@s.whatsapp.net": 16,
      "6285669122607@s.whatsapp.net": 44,
      "62881024425077@s.whatsapp.net": 61,
      "6288987156473@s.whatsapp.net": 3,
      "6281958740583@s.whatsapp.net": 24,
      "6285183063351@s.whatsapp.net": 6,
      "6285234647645@s.whatsapp.net": 1,
      "6282336967144@s.whatsapp.net": 4,
      "6288286636214@s.whatsapp.net": 4,
      "6281269129689@s.whatsapp.net": 3,
      "6285714088549@s.whatsapp.net": 2,
      "6285756670934@s.whatsapp.net": 9,
      "6282119666320@s.whatsapp.net": 3,
      "628385047144@s.whatsapp.net": 2,
      "6282187305443@s.whatsapp.net": 1,
      "6289518334498@s.whatsapp.net": 8,
      "6287763211118@s.whatsapp.net": 13,
      "6283839477270@s.whatsapp.net": 8,
      "6283821895342@s.whatsapp.net": 1,
      "6287820140305@s.whatsapp.net": 9,
      "6283191336313@s.whatsapp.net": 1,
      "6282214283689@s.whatsapp.net": 3,
      "62895321269802@s.whatsapp.net": 1,
      "6282275952823@s.whatsapp.net": 2,
      "6283105273723@s.whatsapp.net": 5,
      "6283836445416@s.whatsapp.net": 5,
      "6285751756986@s.whatsapp.net": 7,
      "6285165126052@s.whatsapp.net": 3,
      "6281400658536@s.whatsapp.net": 4,
      "6285789115865@s.whatsapp.net": 3,
      "6282148887047@s.whatsapp.net": 6,
      "6287833983927@s.whatsapp.net": 2,
      "6289676669336@s.whatsapp.net": 33,
      "6282231553873@s.whatsapp.net": 10,
      "6288989051221@s.whatsapp.net": 5,
      "6282113003615@s.whatsapp.net": 5,
      "6287814743044@s.whatsapp.net": 2,
      "6289507779500@s.whatsapp.net": 1,
      "6285891208595@s.whatsapp.net": 1,
      "6283844846607@s.whatsapp.net": 2,
      "6289508264049@s.whatsapp.net": 3,
      "6282287450669@s.whatsapp.net": 3
    },
    "2025-05-17": {
      "6285282181257@s.whatsapp.net": 1807,
      "6282119666320@s.whatsapp.net": 11,
      "6283856943872@s.whatsapp.net": 401,
      "6289530950053@s.whatsapp.net": 4,
      "6285382897557@s.whatsapp.net": 5,
      "6283159227378@s.whatsapp.net": 25,
      "6285756670934@s.whatsapp.net": 2,
      "6283137492424@s.whatsapp.net": 2,
      "6281586627638@s.whatsapp.net": 4,
      "6285624777119@s.whatsapp.net": 1,
      "6288987156473@s.whatsapp.net": 1,
      "6289527005727@s.whatsapp.net": 1,
      "6285609195580@s.whatsapp.net": 13,
      "50934856343@s.whatsapp.net": 15,
      "6287834794594@s.whatsapp.net": 2,
      "6285368985752@s.whatsapp.net": 1,
      "6289518334498@s.whatsapp.net": 13,
      "6285828032408@s.whatsapp.net": 6,
      "6289512563178@s.whatsapp.net": 2,
      "6282231553873@s.whatsapp.net": 2,
      "6289504698551@s.whatsapp.net": 1,
      "6283122190587@s.whatsapp.net": 2,
      "6281292584379@s.whatsapp.net": 1,
      "6283105273723@s.whatsapp.net": 7,
      "6287833983927@s.whatsapp.net": 7,
      "6285669122607@s.whatsapp.net": 14,
      "6285751756986@s.whatsapp.net": 2,
      "6285244939792@s.whatsapp.net": 2,
      "6281269129689@s.whatsapp.net": 1,
      "6282170964922@s.whatsapp.net": 1,
      "6288905436959@s.whatsapp.net": 5,
      "6285777906740@s.whatsapp.net": 1,
      "6285789115865@s.whatsapp.net": 5,
      "6285187371889@s.whatsapp.net": 1,
      "6287820140305@s.whatsapp.net": 11,
      "6282280761243@s.whatsapp.net": 7,
      "6285280739204@s.whatsapp.net": 2,
      "6281936845010@s.whatsapp.net": 2,
      "6282357317054@s.whatsapp.net": 1,
      "6285798512916@s.whatsapp.net": 318,
      "6281373444575@s.whatsapp.net": 24,
      "6283867068183@s.whatsapp.net": 2,
      "6282249898729@s.whatsapp.net": 1,
      "6283861787276@s.whatsapp.net": 1,
      "6289520162219@s.whatsapp.net": 6,
      "6285266730028@s.whatsapp.net": 2,
      "62895322226122@s.whatsapp.net": 8,
      "6285735313551@s.whatsapp.net": 3,
      "628385047144@s.whatsapp.net": 2,
      "6285124264017@s.whatsapp.net": 3,
      "6281400658536@s.whatsapp.net": 6,
      "6288218403135@s.whatsapp.net": 1,
      "6289676669336@s.whatsapp.net": 5,
      "6282113003615@s.whatsapp.net": 1,
      "6285736233337@s.whatsapp.net": 1,
      "6288803948237@s.whatsapp.net": 1,
      "6282275952823@s.whatsapp.net": 7,
      "6285920763113@s.whatsapp.net": 1,
      "6287814743044@s.whatsapp.net": 2,
      "6283839477270@s.whatsapp.net": 26,
      "6285399667905@s.whatsapp.net": 5,
      "6281371864145@s.whatsapp.net": 5,
      "6285656080339@s.whatsapp.net": 4,
      "6289507779500@s.whatsapp.net": 1,
      "6282154402654@s.whatsapp.net": 1,
      "6285864220484@s.whatsapp.net": 1,
      "6287712983398@s.whatsapp.net": 4,
      "6283191336313@s.whatsapp.net": 1,
      "6283879376265@s.whatsapp.net": 3,
      "628992397900@s.whatsapp.net": 4,
      "6288985273391@s.whatsapp.net": 4,
      "6288989051221@s.whatsapp.net": 3
    },
    "2025-05-18": {
      "6285798512916@s.whatsapp.net": 796,
      "6283159227378@s.whatsapp.net": 11,
      "6285828032408@s.whatsapp.net": 14,
      "6285282181257@s.whatsapp.net": 435,
      "62895391033338@s.whatsapp.net": 2,
      "62895328812059@s.whatsapp.net": 20,
      "6283856943872@s.whatsapp.net": 458,
      "6285669122607@s.whatsapp.net": 4,
      "6285810027827@s.whatsapp.net": 1,
      "6287833983927@s.whatsapp.net": 5,
      "50934856343@s.whatsapp.net": 26,
      "6282337693556@s.whatsapp.net": 5,
      "628990936282@s.whatsapp.net": 26,
      "6285971642777@s.whatsapp.net": 4,
      "6287712983398@s.whatsapp.net": 6,
      "6283839477270@s.whatsapp.net": 15,
      "6282118956502@s.whatsapp.net": 2,
      "62881027247687@s.whatsapp.net": 11,
      "6287834794594@s.whatsapp.net": 4,
      "6285609195580@s.whatsapp.net": 9,
      "6285864220484@s.whatsapp.net": 2,
      "6285624777119@s.whatsapp.net": 1,
      "6283122190587@s.whatsapp.net": 1,
      "6285720010998@s.whatsapp.net": 1,
      "62895322226122@s.whatsapp.net": 3,
      "6283139115462@s.whatsapp.net": 5,
      "628385047144@s.whatsapp.net": 1,
      "6282275952823@s.whatsapp.net": 8,
      "6281373444575@s.whatsapp.net": 45,
      "6288989051221@s.whatsapp.net": 4,
      "6281400658536@s.whatsapp.net": 11,
      "6289520162219@s.whatsapp.net": 4,
      "6282196502505@s.whatsapp.net": 1,
      "6282119666320@s.whatsapp.net": 6,
      "6288809786545@s.whatsapp.net": 3,
      "6283176223702@s.whatsapp.net": 2,
      "6283844846607@s.whatsapp.net": 5,
      "6283894536904@s.whatsapp.net": 21,
      "6283115554654@s.whatsapp.net": 2,
      "6282337327683@s.whatsapp.net": 1,
      "62895321269802@s.whatsapp.net": 16,
      "6285215235773@s.whatsapp.net": 1,
      "62895419431037@s.whatsapp.net": 4,
      "6285920763113@s.whatsapp.net": 3,
      "6288905436959@s.whatsapp.net": 1,
      "6283879376265@s.whatsapp.net": 4,
      "6289512564754@s.whatsapp.net": 19,
      "6289656426053@s.whatsapp.net": 3,
      "6289627421329@s.whatsapp.net": 5,
      "6289530950053@s.whatsapp.net": 1,
      "6285124264017@s.whatsapp.net": 1,
      "6283861787276@s.whatsapp.net": 4,
      "6285845929685@s.whatsapp.net": 3,
      "6285382897557@s.whatsapp.net": 1,
      "6285756670934@s.whatsapp.net": 2
    },
    "2025-05-19": {
      "6283856943872@s.whatsapp.net": 353,
      "6285282181257@s.whatsapp.net": 78,
      "6285124264017@s.whatsapp.net": 5,
      "6283122190587@s.whatsapp.net": 4,
      "6287833983927@s.whatsapp.net": 12,
      "6282119666320@s.whatsapp.net": 3,
      "6288809786545@s.whatsapp.net": 2,
      "50934856343@s.whatsapp.net": 18,
      "6287763211118@s.whatsapp.net": 6,
      "6281373444575@s.whatsapp.net": 7,
      "628990936282@s.whatsapp.net": 4,
      "6285669122607@s.whatsapp.net": 7,
      "6283839477270@s.whatsapp.net": 4,
      "6288989051221@s.whatsapp.net": 3,
      "6283139115462@s.whatsapp.net": 4,
      "6283105273723@s.whatsapp.net": 5,
      "6285281936670@s.whatsapp.net": 8,
      "6285609195580@s.whatsapp.net": 1,
      "6285756670934@s.whatsapp.net": 9,
      "628385047144@s.whatsapp.net": 1,
      "6282197186123@s.whatsapp.net": 5,
      "6285742119046@s.whatsapp.net": 4,
      "6281235855582@s.whatsapp.net": 1,
      "6287834794594@s.whatsapp.net": 1,
      "6283893086269@s.whatsapp.net": 5,
      "62895352739245@s.whatsapp.net": 10,
      "6285714088549@s.whatsapp.net": 1,
      "62881024425077@s.whatsapp.net": 3,
      "6285924334560@s.whatsapp.net": 1,
      "62895419431037@s.whatsapp.net": 2,
      "6285266730028@s.whatsapp.net": 8,
      "6287788484392@s.whatsapp.net": 2,
      "6282138954022@s.whatsapp.net": 12,
      "6287825292870@s.whatsapp.net": 5,
      "6285664374286@s.whatsapp.net": 6,
      "6288803948237@s.whatsapp.net": 1,
      "6281400658536@s.whatsapp.net": 6,
      "6287712983398@s.whatsapp.net": 4,
      "6285368985752@s.whatsapp.net": 2,
      "62895322226122@s.whatsapp.net": 3,
      "6285215235773@s.whatsapp.net": 2,
      "6285624777119@s.whatsapp.net": 11,
      "6285736233337@s.whatsapp.net": 5,
      "6285735313551@s.whatsapp.net": 1,
      "62895336176240@s.whatsapp.net": 1,
      "6281237135914@s.whatsapp.net": 1,
      "6285165126052@s.whatsapp.net": 3,
      "62895341317985@s.whatsapp.net": 1,
      "6282231553873@s.whatsapp.net": 3,
      "6285828032408@s.whatsapp.net": 1,
      "6282299091543@s.whatsapp.net": 1,
      "6288985273391@s.whatsapp.net": 1,
      "6283115554654@s.whatsapp.net": 2,
      "6287814743044@s.whatsapp.net": 2
    },
    "2025-05-20": {
      "6282337693556@s.whatsapp.net": 2,
      "6283856943872@s.whatsapp.net": 251,
      "6285187371889@s.whatsapp.net": 4,
      "62895322226122@s.whatsapp.net": 1,
      "6285368985752@s.whatsapp.net": 2,
      "6288989051221@s.whatsapp.net": 8,
      "6285751756986@s.whatsapp.net": 2,
      "6283139115462@s.whatsapp.net": 5,
      "6281586627638@s.whatsapp.net": 2,
      "6287834794594@s.whatsapp.net": 1,
      "6285266730028@s.whatsapp.net": 3,
      "6285282181257@s.whatsapp.net": 528,
      "628990936282@s.whatsapp.net": 3,
      "628976934200@s.whatsapp.net": 4,
      "6287860914901@s.whatsapp.net": 7,
      "6285124264017@s.whatsapp.net": 2,
      "6281292584379@s.whatsapp.net": 5,
      "6285971642777@s.whatsapp.net": 7,
      "6285810027827@s.whatsapp.net": 1,
      "6285796125722@s.whatsapp.net": 4,
      "6283839477270@s.whatsapp.net": 1,
      "6281285299676@s.whatsapp.net": 6,
      "6282119666320@s.whatsapp.net": 2,
      "6281269129689@s.whatsapp.net": 1,
      "6282275952823@s.whatsapp.net": 15,
      "6283169220809@s.whatsapp.net": 2,
      "6283105273723@s.whatsapp.net": 1,
      "6285828032408@s.whatsapp.net": 2,
      "628385047144@s.whatsapp.net": 1,
      "6283191336313@s.whatsapp.net": 3,
      "6285244939792@s.whatsapp.net": 1,
      "6287820140305@s.whatsapp.net": 5,
      "50934856343@s.whatsapp.net": 8,
      "6285920763113@s.whatsapp.net": 1,
      "6285735313551@s.whatsapp.net": 1,
      "6285283974711@s.whatsapp.net": 1,
      "6285281936670@s.whatsapp.net": 1,
      "6285215235773@s.whatsapp.net": 1,
      "6281261393904@s.whatsapp.net": 4,
      "6283122190587@s.whatsapp.net": 2,
      "6285280739204@s.whatsapp.net": 1,
      "6285891208595@s.whatsapp.net": 4,
      "6285624777119@s.whatsapp.net": 1,
      "62895383325566@s.whatsapp.net": 1,
      "6285382897557@s.whatsapp.net": 1,
      "6283861787276@s.whatsapp.net": 2,
      "6282197186123@s.whatsapp.net": 1
    },
    "2025-05-21": {
      "628385047144@s.whatsapp.net": 3,
      "6285282181257@s.whatsapp.net": 1997,
      "6283856943872@s.whatsapp.net": 382,
      "62881027247687@s.whatsapp.net": 184,
      "62895322226122@s.whatsapp.net": 9,
      "6288989051221@s.whatsapp.net": 11,
      "6285187371889@s.whatsapp.net": 3,
      "6281400658536@s.whatsapp.net": 9,
      "6289506142858@s.whatsapp.net": 3,
      "6285824642893@s.whatsapp.net": 1,
      "6282275952823@s.whatsapp.net": 2,
      "6285244939792@s.whatsapp.net": 8,
      "50934856343@s.whatsapp.net": 16,
      "6283122190587@s.whatsapp.net": 2,
      "6283105273723@s.whatsapp.net": 5,
      "6285828032408@s.whatsapp.net": 19,
      "6289656426053@s.whatsapp.net": 1,
      "6287825292870@s.whatsapp.net": 15,
      "6282249898729@s.whatsapp.net": 5,
      "6283839477270@s.whatsapp.net": 1,
      "6288224180934@s.whatsapp.net": 1,
      "6289513346689@s.whatsapp.net": 2,
      "6285124264017@s.whatsapp.net": 2,
      "6283861787276@s.whatsapp.net": 1,
      "6282154402654@s.whatsapp.net": 2,
      "6285669122607@s.whatsapp.net": 2,
      "6285742119046@s.whatsapp.net": 5,
      "6285609195580@s.whatsapp.net": 7,
      "6285756670934@s.whatsapp.net": 13,
      "6287768120955@s.whatsapp.net": 1,
      "6285266730028@s.whatsapp.net": 12,
      "628990936282@s.whatsapp.net": 4,
      "6287788484392@s.whatsapp.net": 2,
      "6285281936670@s.whatsapp.net": 1,
      "6287763211118@s.whatsapp.net": 1,
      "6287712983398@s.whatsapp.net": 2,
      "6289520162219@s.whatsapp.net": 1,
      "6289504698551@s.whatsapp.net": 5,
      "62895419431037@s.whatsapp.net": 4,
      "6287833983927@s.whatsapp.net": 4,
      "6285751756986@s.whatsapp.net": 2,
      "6289527005727@s.whatsapp.net": 7,
      "6285735313551@s.whatsapp.net": 2,
      "6283133643772@s.whatsapp.net": 2,
      "6289518334498@s.whatsapp.net": 11,
      "6282214283689@s.whatsapp.net": 5,
      "6285217943631@s.whatsapp.net": 5,
      "6287834794594@s.whatsapp.net": 7,
      "6282118956502@s.whatsapp.net": 1,
      "6281373444575@s.whatsapp.net": 3,
      "6282197186123@s.whatsapp.net": 1
    },
    "2025-05-22": {
      "6283856943872@s.whatsapp.net": 359,
      "6285282181257@s.whatsapp.net": 2232,
      "6285244939792@s.whatsapp.net": 5,
      "6283122190587@s.whatsapp.net": 1,
      "6285971642777@s.whatsapp.net": 1,
      "6282288586173@s.whatsapp.net": 1,
      "6281573093633@s.whatsapp.net": 1,
      "6281285299676@s.whatsapp.net": 4,
      "6285828032408@s.whatsapp.net": 5,
      "6288985273391@s.whatsapp.net": 1,
      "6285217943631@s.whatsapp.net": 2,
      "6281400658536@s.whatsapp.net": 4,
      "6283839477270@s.whatsapp.net": 1,
      "6287763211118@s.whatsapp.net": 3,
      "6285215235773@s.whatsapp.net": 4,
      "6288211995436@s.whatsapp.net": 17,
      "6283861787276@s.whatsapp.net": 2,
      "6282275952823@s.whatsapp.net": 3,
      "6289513346689@s.whatsapp.net": 1,
      "6285669122607@s.whatsapp.net": 1,
      "628972281277@s.whatsapp.net": 8,
      "6282138954022@s.whatsapp.net": 4,
      "6282119666320@s.whatsapp.net": 1,
      "6282113531560@s.whatsapp.net": 3,
      "628385047144@s.whatsapp.net": 3,
      "6285770661394@s.whatsapp.net": 1,
      "6288809786545@s.whatsapp.net": 1,
      "62895321269802@s.whatsapp.net": 2,
      "6287820140305@s.whatsapp.net": 17,
      "6281269129689@s.whatsapp.net": 1,
      "6285756670934@s.whatsapp.net": 6,
      "6282299091543@s.whatsapp.net": 1,
      "6287833983927@s.whatsapp.net": 1,
      "6281292584379@s.whatsapp.net": 1,
      "628990936282@s.whatsapp.net": 7,
      "6287768120955@s.whatsapp.net": 9,
      "6282249898729@s.whatsapp.net": 2,
      "6285624777119@s.whatsapp.net": 6,
      "6283891081441@s.whatsapp.net": 4,
      "6281373444575@s.whatsapp.net": 7,
      "6289676669336@s.whatsapp.net": 2,
      "6282196502505@s.whatsapp.net": 2,
      "6285751493997@s.whatsapp.net": 1,
      "6285165126052@s.whatsapp.net": 2,
      "6281573123201@s.whatsapp.net": 9,
      "6283105273723@s.whatsapp.net": 2,
      "6281237135914@s.whatsapp.net": 2,
      "6285714088549@s.whatsapp.net": 12,
      "6289504698551@s.whatsapp.net": 2,
      "6282197186123@s.whatsapp.net": 1,
      "6285954098299@s.whatsapp.net": 1,
      "6287834794594@s.whatsapp.net": 1,
      "6289512563178@s.whatsapp.net": 5,
      "6288989051221@s.whatsapp.net": 1,
      "6285266730028@s.whatsapp.net": 2,
      "62895370380258@s.whatsapp.net": 1,
      "6288279669769@s.whatsapp.net": 1,
      "6283139115462@s.whatsapp.net": 6,
      "50934856343@s.whatsapp.net": 9,
      "601115450646@s.whatsapp.net": 1,
      "6282118956502@s.whatsapp.net": 1,
      "62895391033338@s.whatsapp.net": 1,
      "628976934200@s.whatsapp.net": 6
    },
    "2025-05-23": {
      "6282288586173@s.whatsapp.net": 9,
      "6283856943872@s.whatsapp.net": 372,
      "6282154402654@s.whatsapp.net": 7,
      "628976934200@s.whatsapp.net": 1,
      "62895630283910@s.whatsapp.net": 2,
      "6285828032408@s.whatsapp.net": 3,
      "6283187620297@s.whatsapp.net": 7,
      "6283122190587@s.whatsapp.net": 3,
      "6281285299676@s.whatsapp.net": 8,
      "6283839477270@s.whatsapp.net": 3,
      "628990936282@s.whatsapp.net": 6,
      "50934856343@s.whatsapp.net": 15,
      "6285187371889@s.whatsapp.net": 2,
      "6283861787276@s.whatsapp.net": 1,
      "6281586627638@s.whatsapp.net": 2,
      "6288211995436@s.whatsapp.net": 36,
      "6281235855582@s.whatsapp.net": 8,
      "6285669122607@s.whatsapp.net": 8,
      "6287833983927@s.whatsapp.net": 2,
      "628385047144@s.whatsapp.net": 3,
      "6285244939792@s.whatsapp.net": 1,
      "6285266730028@s.whatsapp.net": 4,
      "6285971642777@s.whatsapp.net": 1,
      "6287825292870@s.whatsapp.net": 6,
      "6285701407849@s.whatsapp.net": 5,
      "6288989051221@s.whatsapp.net": 2,
      "6282275952823@s.whatsapp.net": 1,
      "6281269129689@s.whatsapp.net": 10,
      "6281400658536@s.whatsapp.net": 2,
      "6287834794594@s.whatsapp.net": 7,
      "62895391033338@s.whatsapp.net": 11,
      "6285215235773@s.whatsapp.net": 4,
      "6283105273723@s.whatsapp.net": 3,
      "6288809786545@s.whatsapp.net": 6,
      "6285952773813@s.whatsapp.net": 10,
      "6281573123201@s.whatsapp.net": 3,
      "6285624777119@s.whatsapp.net": 2,
      "6287850981743@s.whatsapp.net": 5,
      "6282113531560@s.whatsapp.net": 5,
      "6283870161484@s.whatsapp.net": 2,
      "6285751756986@s.whatsapp.net": 2,
      "62895321269802@s.whatsapp.net": 2,
      "6283836445416@s.whatsapp.net": 3,
      "6285820310583@s.whatsapp.net": 1,
      "6285714088549@s.whatsapp.net": 3,
      "6285280739204@s.whatsapp.net": 1
    },
    "2025-05-24": {
      "6282138468554@s.whatsapp.net": 28,
      "6287833983927@s.whatsapp.net": 15,
      "6283856943872@s.whatsapp.net": 404,
      "6283895010652@s.whatsapp.net": 15,
      "6282138954022@s.whatsapp.net": 26,
      "6287768120955@s.whatsapp.net": 34,
      "628990936282@s.whatsapp.net": 18,
      "6283839477270@s.whatsapp.net": 3,
      "6285545019571@s.whatsapp.net": 19,
      "6287834794594@s.whatsapp.net": 33,
      "6281269129689@s.whatsapp.net": 2,
      "6285819452301@s.whatsapp.net": 2,
      "6289520162219@s.whatsapp.net": 5,
      "6285971642777@s.whatsapp.net": 1,
      "6285850082561@s.whatsapp.net": 15886,
      "628154065950@s.whatsapp.net": 14,
      "6282160149410@s.whatsapp.net": 12,
      "62895391033338@s.whatsapp.net": 3,
      "6287782482759@s.whatsapp.net": 7,
      "6285215235773@s.whatsapp.net": 1,
      "6283169220809@s.whatsapp.net": 3,
      "6281237135914@s.whatsapp.net": 7,
      "6285368985752@s.whatsapp.net": 2,
      "6281220086294@s.whatsapp.net": 1,
      "6281400658536@s.whatsapp.net": 7,
      "62895370380258@s.whatsapp.net": 7,
      "628385047144@s.whatsapp.net": 2,
      "6285187371889@s.whatsapp.net": 11,
      "628152819394@s.whatsapp.net": 15,
      "6285183213467@s.whatsapp.net": 8,
      "6288211995436@s.whatsapp.net": 2,
      "62895336176240@s.whatsapp.net": 1,
      "6287820140305@s.whatsapp.net": 3,
      "6281285299676@s.whatsapp.net": 18,
      "6287825292870@s.whatsapp.net": 2,
      "6281235855582@s.whatsapp.net": 1,
      "6285751756986@s.whatsapp.net": 2,
      "6283846198854@s.whatsapp.net": 1,
      "6285697186647@s.whatsapp.net": 1,
      "6282249898729@s.whatsapp.net": 1,
      "50934856343@s.whatsapp.net": 16,
      "6285828032408@s.whatsapp.net": 9,
      "6281313819840@s.whatsapp.net": 9,
      "6285788721767@s.whatsapp.net": 2,
      "6285382897557@s.whatsapp.net": 1,
      "6289519841710@s.whatsapp.net": 5,
      "6283139115462@s.whatsapp.net": 14,
      "6283861787276@s.whatsapp.net": 2,
      "6285920763113@s.whatsapp.net": 1,
      "6283191336313@s.whatsapp.net": 1,
      "6282273192124@s.whatsapp.net": 3,
      "6285756670934@s.whatsapp.net": 4,
      "6281373229803@s.whatsapp.net": 1,
      "6288809786545@s.whatsapp.net": 1,
      "6285283974711@s.whatsapp.net": 1,
      "6282213616029@s.whatsapp.net": 3,
      "6285708531192@s.whatsapp.net": 1,
      "6281388945990@s.whatsapp.net": 1,
      "6283869012278@s.whatsapp.net": 2,
      "6285244939792@s.whatsapp.net": 1,
      "62895419431037@s.whatsapp.net": 4,
      "6281243586906@s.whatsapp.net": 3,
      "6288989051221@s.whatsapp.net": 3
    },
    "2025-05-25": {
      "6283122190587@s.whatsapp.net": 2,
      "6285183213467@s.whatsapp.net": 3,
      "6283856943872@s.whatsapp.net": 558,
      "6285751756986@s.whatsapp.net": 9,
      "6285971642777@s.whatsapp.net": 3,
      "6285624777119@s.whatsapp.net": 1,
      "6285244939792@s.whatsapp.net": 14,
      "6285828032408@s.whatsapp.net": 2,
      "6281261393904@s.whatsapp.net": 2,
      "6283105273723@s.whatsapp.net": 2,
      "6288985273391@s.whatsapp.net": 4,
      "6283861787276@s.whatsapp.net": 1,
      "6282275952823@s.whatsapp.net": 9,
      "628154065950@s.whatsapp.net": 10,
      "6287814743044@s.whatsapp.net": 1,
      "628990936282@s.whatsapp.net": 28,
      "628385047144@s.whatsapp.net": 3,
      "6281237135914@s.whatsapp.net": 2,
      "6281243586906@s.whatsapp.net": 93,
      "6281400658536@s.whatsapp.net": 9,
      "6285810600585@s.whatsapp.net": 1,
      "6285187371889@s.whatsapp.net": 4,
      "628152819394@s.whatsapp.net": 13,
      "6288211995436@s.whatsapp.net": 24,
      "6287825292870@s.whatsapp.net": 9,
      "6285332170310@s.whatsapp.net": 3,
      "6285545019571@s.whatsapp.net": 1,
      "6282154402654@s.whatsapp.net": 3,
      "6283140617010@s.whatsapp.net": 1,
      "6281292584379@s.whatsapp.net": 1,
      "6283139115462@s.whatsapp.net": 5,
      "6283869012278@s.whatsapp.net": 2,
      "6283822630657@s.whatsapp.net": 33,
      "6285796217430@s.whatsapp.net": 11,
      "6285382897557@s.whatsapp.net": 10,
      "6289527005727@s.whatsapp.net": 1,
      "6287768120955@s.whatsapp.net": 4,
      "6285770661394@s.whatsapp.net": 1,
      "6285124264017@s.whatsapp.net": 2,
      "6282160149410@s.whatsapp.net": 3,
      "6283895010652@s.whatsapp.net": 1,
      "6282138954022@s.whatsapp.net": 11,
      "6281373444575@s.whatsapp.net": 8,
      "6285891208595@s.whatsapp.net": 1,
      "6289676669336@s.whatsapp.net": 3,
      "6282138468554@s.whatsapp.net": 6,
      "6285850082561@s.whatsapp.net": 1,
      "6283822887769@s.whatsapp.net": 392,
      "6281936845010@s.whatsapp.net": 2,
      "6287834794594@s.whatsapp.net": 13,
      "6283839477270@s.whatsapp.net": 1,
      "6281586627638@s.whatsapp.net": 3,
      "6288989051221@s.whatsapp.net": 3,
      "628388693582@s.whatsapp.net": 33,
      "6281269129689@s.whatsapp.net": 3,
      "6285270781075@s.whatsapp.net": 5,
      "6285281936670@s.whatsapp.net": 2,
      "62895383325566@s.whatsapp.net": 2,
      "6285215235773@s.whatsapp.net": 1,
      "6285810027827@s.whatsapp.net": 5,
      "6287833983927@s.whatsapp.net": 3,
      "6281235855582@s.whatsapp.net": 5,
      "6281313819840@s.whatsapp.net": 7,
      "6285819452301@s.whatsapp.net": 3,
      "6281944708246@s.whatsapp.net": 4,
      "6285820310583@s.whatsapp.net": 1,
      "6285701407849@s.whatsapp.net": 1,
      "50934856343@s.whatsapp.net": 10,
      "6285751493997@s.whatsapp.net": 16,
      "6285756670934@s.whatsapp.net": 3,
      "6282288586173@s.whatsapp.net": 1,
      "6281285299676@s.whatsapp.net": 1,
      "6285163160023@s.whatsapp.net": 1,
      "62895419431037@s.whatsapp.net": 3,
      "6285777906740@s.whatsapp.net": 1,
      "6282197186123@s.whatsapp.net": 1,
      "447587161175@s.whatsapp.net": 2,
      "6285603045128@s.whatsapp.net": 4,
      "62895370380258@s.whatsapp.net": 7,
      "6282253359964@s.whatsapp.net": 2,
      "6289506142858@s.whatsapp.net": 7
    },
    "2025-05-26": {
      "628990936282@s.whatsapp.net": 10,
      "6283856943872@s.whatsapp.net": 421,
      "628388693582@s.whatsapp.net": 97,
      "6281373444575@s.whatsapp.net": 10,
      "6283139115462@s.whatsapp.net": 3,
      "6287834794594@s.whatsapp.net": 9,
      "6282118956502@s.whatsapp.net": 1,
      "6288989051221@s.whatsapp.net": 9,
      "6285777906740@s.whatsapp.net": 3,
      "50934856343@s.whatsapp.net": 16,
      "6285756670934@s.whatsapp.net": 4,
      "6283105273723@s.whatsapp.net": 1,
      "62895322226122@s.whatsapp.net": 1,
      "6288211995436@s.whatsapp.net": 7,
      "6283861787276@s.whatsapp.net": 3,
      "6283129157227@s.whatsapp.net": 1,
      "628385047144@s.whatsapp.net": 1,
      "6285163160023@s.whatsapp.net": 2,
      "6282170964922@s.whatsapp.net": 7,
      "6285751493997@s.whatsapp.net": 70,
      "6283191336313@s.whatsapp.net": 2,
      "6285796217430@s.whatsapp.net": 2,
      "6285368985752@s.whatsapp.net": 8,
      "6285215235773@s.whatsapp.net": 1,
      "6283839477270@s.whatsapp.net": 7,
      "6282138468554@s.whatsapp.net": 5,
      "6289520422390@s.whatsapp.net": 1,
      "6285828032408@s.whatsapp.net": 6,
      "6285545019571@s.whatsapp.net": 3,
      "6285864220484@s.whatsapp.net": 5,
      "6281244424015@s.whatsapp.net": 2,
      "6281313819840@s.whatsapp.net": 8,
      "6285382897557@s.whatsapp.net": 2,
      "6285971642777@s.whatsapp.net": 2,
      "6282154402654@s.whatsapp.net": 1,
      "6282275952823@s.whatsapp.net": 1,
      "6289676669336@s.whatsapp.net": 1,
      "6287768120955@s.whatsapp.net": 1,
      "6288233996932@s.whatsapp.net": 1,
      "6287833983927@s.whatsapp.net": 2,
      "6283167420703@s.whatsapp.net": 3,
      "6285281936670@s.whatsapp.net": 3,
      "6285701407849@s.whatsapp.net": 1,
      "628988354152@s.whatsapp.net": 1,
      "447587161175@s.whatsapp.net": 2,
      "6285244939792@s.whatsapp.net": 7,
      "6283894536904@s.whatsapp.net": 5,
      "6282197186123@s.whatsapp.net": 2,
      "6285810027827@s.whatsapp.net": 4,
      "6285280739204@s.whatsapp.net": 3,
      "6287715589477@s.whatsapp.net": 8,
      "6285603045128@s.whatsapp.net": 2,
      "6282253359964@s.whatsapp.net": 19,
      "6285751756986@s.whatsapp.net": 1
    },
    "2025-05-27": {
      "6283856943872@s.whatsapp.net": 421,
      "50934856343@s.whatsapp.net": 25,
      "6282138468554@s.whatsapp.net": 21,
      "6282253359964@s.whatsapp.net": 85,
      "6288985273391@s.whatsapp.net": 2,
      "6282197186123@s.whatsapp.net": 5,
      "6285770661394@s.whatsapp.net": 3,
      "6282280781104@s.whatsapp.net": 1,
      "6285756670934@s.whatsapp.net": 17,
      "6287834794594@s.whatsapp.net": 10,
      "6283122190587@s.whatsapp.net": 4,
      "6281237135914@s.whatsapp.net": 4,
      "6288211995436@s.whatsapp.net": 5,
      "6282275952823@s.whatsapp.net": 11,
      "6283861787276@s.whatsapp.net": 2,
      "6288286214118@s.whatsapp.net": 3,
      "628154065950@s.whatsapp.net": 17,
      "6282299091543@s.whatsapp.net": 2,
      "6281400658536@s.whatsapp.net": 5,
      "6283137492424@s.whatsapp.net": 2,
      "6281313819840@s.whatsapp.net": 23,
      "447587161175@s.whatsapp.net": 2,
      "6282138954022@s.whatsapp.net": 1,
      "6281586627638@s.whatsapp.net": 2,
      "6285828032408@s.whatsapp.net": 3,
      "6287782482759@s.whatsapp.net": 6,
      "6285545019571@s.whatsapp.net": 5,
      "6285244939792@s.whatsapp.net": 10,
      "6281269129689@s.whatsapp.net": 3,
      "6283139115462@s.whatsapp.net": 2,
      "6287825292870@s.whatsapp.net": 2,
      "6285187371889@s.whatsapp.net": 6,
      "6283839477270@s.whatsapp.net": 9,
      "6285864157292@s.whatsapp.net": 2,
      "6282196502505@s.whatsapp.net": 2,
      "6285280739204@s.whatsapp.net": 5,
      "628385047144@s.whatsapp.net": 1,
      "6283891081441@s.whatsapp.net": 2,
      "6285701407849@s.whatsapp.net": 4,
      "6282288586173@s.whatsapp.net": 3,
      "6285246308622@s.whatsapp.net": 2,
      "6281958740583@s.whatsapp.net": 8,
      "6285714088549@s.whatsapp.net": 1,
      "6282337327683@s.whatsapp.net": 1,
      "62895391033338@s.whatsapp.net": 1,
      "62895383325566@s.whatsapp.net": 7,
      "6287833983927@s.whatsapp.net": 5,
      "6285796217430@s.whatsapp.net": 7,
      "6285215235773@s.whatsapp.net": 6,
      "6289676669336@s.whatsapp.net": 1,
      "6282160149410@s.whatsapp.net": 1,
      "6283115554654@s.whatsapp.net": 1,
      "6282180998747@s.whatsapp.net": 1,
      "6287715589477@s.whatsapp.net": 8,
      "6283138921659@s.whatsapp.net": 4,
      "6285603045128@s.whatsapp.net": 4,
      "628990936282@s.whatsapp.net": 7,
      "62895322226122@s.whatsapp.net": 1,
      "6282170964922@s.whatsapp.net": 1,
      "6283159227378@s.whatsapp.net": 6,
      "62895321269802@s.whatsapp.net": 7,
      "6285751756986@s.whatsapp.net": 1,
      "6285266730028@s.whatsapp.net": 3
    },
    "2025-05-28": {
      "6283856943872@s.whatsapp.net": 93,
      "6283861787276@s.whatsapp.net": 5,
      "6283159227378@s.whatsapp.net": 1,
      "6289513346689@s.whatsapp.net": 1,
      "6282197186123@s.whatsapp.net": 2,
      "6282253359964@s.whatsapp.net": 37,
      "6281373444575@s.whatsapp.net": 16,
      "6282138468554@s.whatsapp.net": 13,
      "6287834794594@s.whatsapp.net": 30,
      "628990936282@s.whatsapp.net": 3,
      "6282280781104@s.whatsapp.net": 11,
      "6285609195580@s.whatsapp.net": 1,
      "62881036175306@s.whatsapp.net": 2,
      "6288989051221@s.whatsapp.net": 3,
      "6283122190587@s.whatsapp.net": 1,
      "6285796217430@s.whatsapp.net": 2,
      "6285123942083@s.whatsapp.net": 10,
      "6281586627638@s.whatsapp.net": 1,
      "6288286214118@s.whatsapp.net": 2,
      "6288211995436@s.whatsapp.net": 1
    },
    "2025-06-01": {
      "6285756670934@s.whatsapp.net": 2,
      "6282253359964@s.whatsapp.net": 22,
      "6283856943872@s.whatsapp.net": 68,
      "6285603045128@s.whatsapp.net": 17,
      "6285754757991@s.whatsapp.net": 1,
      "6285123942083@s.whatsapp.net": 11,
      "6285382897557@s.whatsapp.net": 2,
      "6283115554654@s.whatsapp.net": 1,
      "6285796217430@s.whatsapp.net": 1,
      "6285820310583@s.whatsapp.net": 4,
      "6287825292870@s.whatsapp.net": 6,
      "6285777906740@s.whatsapp.net": 1,
      "6287771821938@s.whatsapp.net": 7,
      "6285609195580@s.whatsapp.net": 3,
      "6289512549154@s.whatsapp.net": 1,
      "6285624777119@s.whatsapp.net": 1,
      "628988354152@s.whatsapp.net": 1,
      "62895336176240@s.whatsapp.net": 1,
      "6282337327683@s.whatsapp.net": 1,
      "6285952773813@s.whatsapp.net": 3,
      "6289676669336@s.whatsapp.net": 8,
      "6285124264017@s.whatsapp.net": 1,
      "6283861787276@s.whatsapp.net": 1,
      "6289508264049@s.whatsapp.net": 1,
      "6288211995436@s.whatsapp.net": 1,
      "62895341317985@s.whatsapp.net": 5
    }
  },
  "120363383983744945@g.us": {
    "2025-05-13": {
      "6283856943872@s.whatsapp.net": 32,
      "628990936282@s.whatsapp.net": 34
    },
    "2025-05-14": {
      "628990936282@s.whatsapp.net": 27,
      "6283856943872@s.whatsapp.net": 24
    },
    "2025-05-16": {
      "6283159227378@s.whatsapp.net": 4,
      "6283856943872@s.whatsapp.net": 2
    },
    "2025-05-23": {
      "628990936282@s.whatsapp.net": 9,
      "6283856943872@s.whatsapp.net": 6
    },
    "2025-05-25": {
      "6283856943872@s.whatsapp.net": 48,
      "628990936282@s.whatsapp.net": 24
    },
    "2025-05-26": {
      "628990936282@s.whatsapp.net": 25,
      "6283856943872@s.whatsapp.net": 46
    },
    "2025-05-27": {
      "628990936282@s.whatsapp.net": 56,
      "6283856943872@s.whatsapp.net": 124,
      "6283159227378@s.whatsapp.net": 33
    },
    "2025-05-28": {
      "6283159227378@s.whatsapp.net": 15,
      "6283856943872@s.whatsapp.net": 39,
      "628990936282@s.whatsapp.net": 10
    }
  },
  "6285242078292-1500693408@g.us": {
    "2025-05-13": {
      "6281216450238@s.whatsapp.net": 120,
      "6289637321549@s.whatsapp.net": 92,
      "6283856943872@s.whatsapp.net": 15,
      "6285859288341@s.whatsapp.net": 31,
      "6282134935030@s.whatsapp.net": 23,
      "6281341420202@s.whatsapp.net": 21
    },
    "2025-05-14": {
      "6285859288341@s.whatsapp.net": 27,
      "6289637321549@s.whatsapp.net": 22,
      "6281341420202@s.whatsapp.net": 44,
      "6281216450238@s.whatsapp.net": 73,
      "6283856943872@s.whatsapp.net": 10,
      "6282134935030@s.whatsapp.net": 4
    },
    "2025-05-15": {
      "6289637321549@s.whatsapp.net": 34,
      "6281216450238@s.whatsapp.net": 104,
      "6282134935030@s.whatsapp.net": 23,
      "6285859288341@s.whatsapp.net": 42,
      "6281341420202@s.whatsapp.net": 69,
      "6283856943872@s.whatsapp.net": 5
    },
    "2025-05-16": {
      "6289637321549@s.whatsapp.net": 50,
      "6281216450238@s.whatsapp.net": 65,
      "6283856943872@s.whatsapp.net": 6,
      "6285859288341@s.whatsapp.net": 22,
      "6281341420202@s.whatsapp.net": 21,
      "6282134935030@s.whatsapp.net": 8
    },
    "2025-05-17": {
      "6281216450238@s.whatsapp.net": 31,
      "6281341420202@s.whatsapp.net": 16,
      "6285859288341@s.whatsapp.net": 8,
      "6283856943872@s.whatsapp.net": 5,
      "6289637321549@s.whatsapp.net": 25,
      "6282134935030@s.whatsapp.net": 1
    },
    "2025-05-18": {
      "6281216450238@s.whatsapp.net": 29,
      "6289637321549@s.whatsapp.net": 14,
      "6282134935030@s.whatsapp.net": 23,
      "6281341420202@s.whatsapp.net": 5,
      "6285859288341@s.whatsapp.net": 9,
      "6283856943872@s.whatsapp.net": 4
    },
    "2025-05-19": {
      "6285859288341@s.whatsapp.net": 13,
      "6281216450238@s.whatsapp.net": 17,
      "6281341420202@s.whatsapp.net": 13,
      "6282134935030@s.whatsapp.net": 1,
      "6283856943872@s.whatsapp.net": 3,
      "6289637321549@s.whatsapp.net": 3
    },
    "2025-05-20": {
      "6285859288341@s.whatsapp.net": 13,
      "6281341420202@s.whatsapp.net": 22,
      "6281216450238@s.whatsapp.net": 7,
      "6283856943872@s.whatsapp.net": 2,
      "6289637321549@s.whatsapp.net": 2
    },
    "2025-05-21": {
      "6285859288341@s.whatsapp.net": 49,
      "6281216450238@s.whatsapp.net": 77,
      "6281341420202@s.whatsapp.net": 30,
      "6289637321549@s.whatsapp.net": 4,
      "6283856943872@s.whatsapp.net": 12
    },
    "2025-05-22": {
      "6281216450238@s.whatsapp.net": 234,
      "6285859288341@s.whatsapp.net": 227,
      "6281341420202@s.whatsapp.net": 64,
      "6283856943872@s.whatsapp.net": 14,
      "6289637321549@s.whatsapp.net": 249,
      "6282134935030@s.whatsapp.net": 3
    },
    "2025-05-23": {
      "6281216450238@s.whatsapp.net": 2,
      "6281341420202@s.whatsapp.net": 12,
      "6285859288341@s.whatsapp.net": 7,
      "6289637321549@s.whatsapp.net": 6
    },
    "2025-05-24": {
      "6281216450238@s.whatsapp.net": 26,
      "6289637321549@s.whatsapp.net": 18,
      "6282134935030@s.whatsapp.net": 1,
      "6281341420202@s.whatsapp.net": 3,
      "6285859288341@s.whatsapp.net": 2
    },
    "2025-05-25": {
      "6281216450238@s.whatsapp.net": 460,
      "6281341420202@s.whatsapp.net": 186,
      "6285859288341@s.whatsapp.net": 63,
      "6283856943872@s.whatsapp.net": 17,
      "6289637321549@s.whatsapp.net": 216,
      "6282134935030@s.whatsapp.net": 22
    },
    "2025-05-26": {
      "6281216450238@s.whatsapp.net": 207,
      "6281341420202@s.whatsapp.net": 74,
      "6289637321549@s.whatsapp.net": 51,
      "6285859288341@s.whatsapp.net": 42,
      "6283856943872@s.whatsapp.net": 3
    },
    "2025-05-27": {
      "6281216450238@s.whatsapp.net": 32,
      "6281341420202@s.whatsapp.net": 29,
      "6285859288341@s.whatsapp.net": 62,
      "6289637321549@s.whatsapp.net": 52,
      "6283856943872@s.whatsapp.net": 5
    },
    "2025-05-28": {
      "6281341420202@s.whatsapp.net": 5,
      "6281216450238@s.whatsapp.net": 8,
      "6283856943872@s.whatsapp.net": 1
    },
    "2025-06-01": {
      "6281341420202@s.whatsapp.net": 17,
      "6281216450238@s.whatsapp.net": 21,
      "6289637321549@s.whatsapp.net": 14,
      "6285859288341@s.whatsapp.net": 12
    }
  },
  "120363399081768738@g.us": {
    "2025-05-14": {
      "628990936282@s.whatsapp.net": 18,
      "6283856943872@s.whatsapp.net": 12,
      "6283159227378@s.whatsapp.net": 2
    },
    "2025-05-15": {
      "628990936282@s.whatsapp.net": 29,
      "6283856943872@s.whatsapp.net": 35,
      "6283159227378@s.whatsapp.net": 7
    },
    "2025-05-16": {
      "628990936282@s.whatsapp.net": 54,
      "6283856943872@s.whatsapp.net": 38
    },
    "2025-05-17": {
      "6283159227378@s.whatsapp.net": 130,
      "6283856943872@s.whatsapp.net": 65
    },
    "2025-05-18": {
      "6283159227378@s.whatsapp.net": 16,
      "6283856943872@s.whatsapp.net": 149,
      "628990936282@s.whatsapp.net": 114
    },
    "2025-05-19": {
      "628990936282@s.whatsapp.net": 22,
      "6283856943872@s.whatsapp.net": 25
    },
    "2025-05-20": {
      "628990936282@s.whatsapp.net": 24,
      "6283856943872@s.whatsapp.net": 31
    },
    "2025-05-21": {
      "628990936282@s.whatsapp.net": 33,
      "6283856943872@s.whatsapp.net": 55
    },
    "2025-05-22": {
      "628990936282@s.whatsapp.net": 10,
      "6283856943872@s.whatsapp.net": 12
    },
    "2025-05-23": {
      "628990936282@s.whatsapp.net": 29,
      "6283856943872@s.whatsapp.net": 21,
      "62881027247687@s.whatsapp.net": 58
    },
    "2025-05-24": {
      "62881027247687@s.whatsapp.net": 16,
      "628990936282@s.whatsapp.net": 12,
      "6283856943872@s.whatsapp.net": 21
    },
    "2025-05-25": {
      "628990936282@s.whatsapp.net": 31,
      "6283856943872@s.whatsapp.net": 38,
      "62881027247687@s.whatsapp.net": 25,
      "6283831630285@s.whatsapp.net": 6
    },
    "2025-05-26": {
      "6283831630285@s.whatsapp.net": 17,
      "6283856943872@s.whatsapp.net": 21,
      "62881027247687@s.whatsapp.net": 22,
      "628990936282@s.whatsapp.net": 5,
      "6281217363670@s.whatsapp.net": 129
    },
    "2025-05-27": {
      "62881027247687@s.whatsapp.net": 63,
      "6281217363670@s.whatsapp.net": 3974,
      "628990936282@s.whatsapp.net": 30,
      "6283856943872@s.whatsapp.net": 44,
      "6283831630285@s.whatsapp.net": 31,
      "6283159227378@s.whatsapp.net": 1
    },
    "2025-05-28": {
      "6283159227378@s.whatsapp.net": 1,
      "6283856943872@s.whatsapp.net": 4,
      "628990936282@s.whatsapp.net": 6,
      "62881027247687@s.whatsapp.net": 9
    },
    "2025-06-01": {
      "62881027247687@s.whatsapp.net": 6,
      "628990936282@s.whatsapp.net": 2,
      "6283856943872@s.whatsapp.net": 1
    }
  },
  "120363401597700588@g.us": {
    "2025-05-15": {
      "6283846781034@s.whatsapp.net": 15,
      "6283856943872@s.whatsapp.net": 27,
      "6283841635246@s.whatsapp.net": 8,
      "628990936282@s.whatsapp.net": 1
    },
    "2025-05-16": {
      "6287749591642@s.whatsapp.net": 3
    },
    "2025-05-17": {
      "6283841635246@s.whatsapp.net": 2,
      "6283856943872@s.whatsapp.net": 1
    },
    "2025-05-20": {
      "628990936282@s.whatsapp.net": 20,
      "6283856943872@s.whatsapp.net": 76,
      "6283841635246@s.whatsapp.net": 6,
      "6283846781034@s.whatsapp.net": 13,
      "6287749591642@s.whatsapp.net": 8
    },
    "2025-05-21": {
      "6283846781034@s.whatsapp.net": 7,
      "6283856943872@s.whatsapp.net": 24,
      "6283841635246@s.whatsapp.net": 2,
      "628990936282@s.whatsapp.net": 13,
      "6287749591642@s.whatsapp.net": 4
    },
    "2025-05-22": {
      "6283846781034@s.whatsapp.net": 16,
      "6287749591642@s.whatsapp.net": 3,
      "6283856943872@s.whatsapp.net": 9,
      "628990936282@s.whatsapp.net": 2
    },
    "2025-05-24": {
      "6283846781034@s.whatsapp.net": 2,
      "628990936282@s.whatsapp.net": 3,
      "6283856943872@s.whatsapp.net": 2
    },
    "2025-05-25": {
      "6283856943872@s.whatsapp.net": 6
    },
    "2025-05-26": {
      "6283856943872@s.whatsapp.net": 3,
      "628990936282@s.whatsapp.net": 1
    },
    "2025-05-27": {
      "628990936282@s.whatsapp.net": 8,
      "6283856943872@s.whatsapp.net": 2,
      "6283846781034@s.whatsapp.net": 3,
      "6289515255823@s.whatsapp.net": 2
    }
  },
  "120363369358072574@g.us": {
    "2025-05-16": {
      "6285183063351@s.whatsapp.net": 6,
      "6283856943872@s.whatsapp.net": 10
    },
    "2025-05-25": {
      "6283856943872@s.whatsapp.net": 6
    },
    "2025-05-26": {
      "6283856943872@s.whatsapp.net": 1
    }
  },
  "120363420352057294@g.us": {
    "2025-05-25": {
      "6283856943872@s.whatsapp.net": 19,
      "628990936282@s.whatsapp.net": 11
    },
    "2025-05-26": {
      "6283856943872@s.whatsapp.net": 1
    },
    "2025-06-01": {
      "628990936282@s.whatsapp.net": 20,
      "6283856943872@s.whatsapp.net": 31
    }
  },
  "120363387394730796@g.us": {
    "2025-05-25": {
      "6283856943872@s.whatsapp.net": 8
    },
    "2025-05-26": {
      "6283856943872@s.whatsapp.net": 1
    }
  },
  "120363419886117771@g.us": {
    "2025-05-27": {
      "6283159227378@s.whatsapp.net": 12,
      "183374199152689@lid": 19,
      "204784493711472@lid": 2,
      "172666459832336@lid": 6,
      "7022774898907@lid": 2,
      "241437895602232@lid": 4,
      "263818366173252@lid": 7,
      "84550726217832@lid": 2,
      "256221105938657@lid": 1,
      "189743568580850@lid": 5,
      "163990810402993@lid": 3,
      "69256918110259@lid": 2,
      "20899747078235@lid": 2,
      "18958019252451@lid": 4,
      "10957099114645@lid": 7,
      "57437285531900@lid": 1,
      "112695764340879@lid": 6,
      "215693609971761@lid": 16,
      "234393729769721@lid": 7,
      "165339379822597@lid": 2,
      "86591439691893@lid": 14,
      "56586512924846@lid": 4,
      "159584475955348@lid": 4,
      "141377992138797@lid": 3,
      "81334030606504@lid": 4,
      "172365661131004@lid": 5,
      "252819525394499@lid": 3,
      "190778672451689@lid": 6,
      "225550878638312@lid": 2,
      "231885921874167@lid": 4,
      "167207841566815@lid": 4,
      "278348878094563@lid": 2,
      "153386519371958@lid": 2,
      "240480033992893@lid": 2,
      "275789077565662@lid": 2,
      "148722453319729@lid": 6,
      "69089296908359@lid": 4,
      "14010787311795@lid": 2,
      "162869958209722@lid": 2,
      "95881437130992@lid": 2,
      "50204124393633@lid": 4,
      "49345315487946@lid": 2,
      "231993245700237@lid": 5,
      "198621450469434@lid": 4,
      "71657821593734@lid": 1,
      "118464391970929@lid": 2,
      "25830554136709@lid": 2,
      "131950002081814@lid": 1,
      "73852499525688@lid": 2,
      "253704338980987@lid": 2,
      "75630532116617@lid": 1,
      "270742457466915@lid": 2,
      "237499427356858@lid": 1,
      "230777719681147@lid": 2
    },
    "2025-05-28": {
      "183374199152689@lid": 5,
      "230777719681147@lid": 6,
      "189743568580850@lid": 1,
      "20899747078235@lid": 1,
      "14010787311795@lid": 4,
      "225550878638312@lid": 1,
      "149753312579748@lid": 6,
      "97371857887409@lid": 3,
      "6283159227378@s.whatsapp.net": 1,
      "231993245700237@lid": 1,
      "86591439691893@lid": 1,
      "194583644364878@lid": 2,
      "235557884014669@lid": 3,
      "73852499525688@lid": 1,
      "256091854213353@lid": 1,
      "274482803531817@lid": 1,
      "215693609971761@lid": 1,
      "140918397100191@lid": 1,
      "253704338980987@lid": 3,
      "145492604395643@lid": 1,
      "1194470711540@lid": 1
    },
    "2025-06-01": {
      "86591439691893@lid": 8,
      "199046283132949@lid": 4,
      "149753312579748@lid": 1,
      "14010787311795@lid": 2,
      "219881471528970@lid": 1,
      "67164715393256@lid": 2,
      "4527180746964@lid": 4,
      "73852499525688@lid": 8,
      "215693609971761@lid": 7,
      "30211420725446@lid": 1,
      "47936750747682@lid": 3,
      "172365661131004@lid": 5,
      "188661337456814@lid": 5,
      "238345452003377@lid": 1,
      "6283159227378@s.whatsapp.net": 3,
      "36412950900932@lid": 1,
      "8779030642943@lid": 1,
      "82468438847489@lid": 4,
      "75630532116617@lid": 1,
      "133995094364286@lid": 1,
      "165339379822597@lid": 2,
      "190778672451689@lid": 1,
      "183374199152689@lid": 2,
      "47936599797882@lid": 1,
      "119271829041205@lid": 1,
      "35094848880781@lid": 1,
      "136949880860874@lid": 1,
      "193587631358082@lid": 2,
      "197964119179370@lid": 1,
      "75424038170676@lid": 2,
      "104737609384088@lid": 2,
      "256091854213353@lid": 4,
      "197783847981240@lid": 1,
      "66894769954828@lid": 1,
      "111188683812962@lid": 1,
      "230777719681147@lid": 5,
      "130726590701618@lid": 2,
      "58639775694972@lid": 2,
      "32775583305898@lid": 1,
      "265098669084826@lid": 1,
      "247682811605111@lid": 3,
      "69089296908359@lid": 1,
      "2276987002902@lid": 1,
      "277897789055019@lid": 1,
      "242885282775294@lid": 2,
      "1147309940934@lid": 1,
      "49345315487946@lid": 1,
      "253704338980987@lid": 2
    }
  },
  "120363423106446401@g.us": {
    "2025-06-09": {
      "6283141883691@s.whatsapp.net": 60,
      "6283159227378@s.whatsapp.net": 11,
      "6289509077006@s.whatsapp.net": 3,
      "62895801745200@s.whatsapp.net": 132,
      "6287860189978@s.whatsapp.net": 4,
      "6285793547284@s.whatsapp.net": 6,
      "6285752317061@s.whatsapp.net": 40,
      "17572398671@s.whatsapp.net": 6,
      "6281356974921@s.whatsapp.net": 2,
      "6283898711795@s.whatsapp.net": 2,
      "628884378937@s.whatsapp.net": 1,
      "6281943270725@s.whatsapp.net": 1,
      "6288704231928@s.whatsapp.net": 31,
      "6285397346312@s.whatsapp.net": 1,
      "6282193757512@s.whatsapp.net": 3,
      "6282234913912@s.whatsapp.net": 4,
      "6285398896329@s.whatsapp.net": 1
    }
  },
  "120363419567665335@g.us": {
    "2025-06-09": {
      "6285606658551@s.whatsapp.net": 18,
      "62881027247687@s.whatsapp.net": 31,
      "628990936282@s.whatsapp.net": 5,
      "6283141883691@s.whatsapp.net": 13,
      "6283831630285@s.whatsapp.net": 17,
      "6283159227378@s.whatsapp.net": 2
    }
  }
}