{
  "premium": [
    "5585327044"
  ],
  "5585327044": {
    "nama": "Ndikz",
    "umur": 17,
    "email": "uangile.rakkaruan02@gmail.com",
    "exp": 0,
    "money": 6548,
    "level": 0,
    "tiketcoin": 0,
    "lastbonus": 1756576027839,
    "tanggaldaftar": "Senin, 11 Agustus 2025 pukul 22.53",
    "lastkerja": 0,
    "lastbansos": 0,
    "ojekk": 0,
    "lastmisi": 0,
    "botol": 0,
    "kaleng": 0,
    "kardus": 0,
    "gelas": 0,
    "plastik": 0,
    "lastmulung": 0,
    "health": 100,
    "pickaxe": 0,
    "pickaxedurability": 0,
    "lastmining": 0,
    "trash": 0,
    "string": 0,
    "rock": 0,
    "iron": 0,
    "diamond": 0,
    "emerald": 0,
    "common": 0,
    "uncommon": 0,
    "mythic": 0,
    "legendary": 0,
    "gold": 0,
    "potion": 0,
    "atm": 0,
    "bank": 0,
    "fullatm": 1000000000,
    "banteng": 0,
    "harimau": 0,
    "gajah": 0,
    "kambing": 0,
    "panda": 0,
    "buaya": 0,
    "kerbau": 0,
    "sapi": 0,
    "monyet": 0,
    "babihutan": 0,
    "babi": 0,
    "ayam": 0,
    "lastberkebon": 0,
    "pisang": 0,
    "anggur": 0,
    "mangga": 0,
    "jeruk": 0,
    "apel": 0,
    "bibitpisang": 0,
    "bibitanggur": 0,
    "bibitmangga": 0,
    "bibitjeruk": 0,
    "bibitapel": 0,
    "warn": 0,
    "jail": false,
    "armor": 0,
    "armordurability": 0,
    "lastclaim": 0,
    "wood": 0,
    "skill": "",
    "rokets": 0,
    "rob": 0,
    "lastrob": 0,
    "lastmonthly": 0,
    "lastojek": 0
  }
}